id,published_date,title,isbn,price
2,4/6/2011 0:00,Magical X Miracle 06,2147483647,20000
3,4/6/2011 0:00,Golden Age 14,2147483647,20000
4,4/6/2011 0:00,Shanaou Yoshitsune Genpei War 11,2147483647,20000
6,4/6/2011 0:00,Out Code 01,2147483647,20000
7,4/6/2011 0:00,My Life 01,2147483647,20000
9,4/6/2011 0:00,Garudayana 03,2147483647,20000
12,4/13/2011 0:00,Sugar Family 06 (END),9.78602E+12,20000
13,4/13/2011 0:00,Gunslinger Girls 12,9.78602E+12,20000
20,4/20/2011 0:00,Jun X Sensation 04,9.78602E+12,20000
21,4/20/2011 0:00,My Sweet Kaicho 11,9.78602E+12,20000
22,4/20/2011 0:00,Beauty Pop 09,2147483647,20000
23,4/20/2011 0:00,Kiss and Harmony,9.78602E+12,20000
24,4/20/2011 23:36,Love Love Nurse,9.78602E+12,20000
25,4/20/2011 23:37,The Ring of God,9.78602E+12,20000
26,4/20/2011 23:39,"Yowamushi Pedal,Go! 10",9.78602E+12,20000
29,4/20/2011 23:43,Garudaboi 03,2147483647,20000
30,4/27/2011 0:00,Sky Blue Beach 04,2147483647,20000
31,4/27/2011 0:00,Golden Age 14 (END),2147483647,20000
32,4/27/2011 0:00,My kingdom 02,2147483647,20000
33,4/27/2011 0:00,Love So Life 03,34506123011,20000
41,4/27/2011 0:00,Monika 140,9.78602E+12,20000
42,4/27/2011 0:00,Hantu,0,20000
43,4/27/2011 0:00,Intan Permata Rimba 03,9.78602E+12,20000
44,4/27/2011 0:00,KOLONI JAGOAN : Gunnhildr,0,20000
233,7/7/2010 0:00,WELCOME TO LOVERS CAFE MARINA,9.78979E+12,20000
46,1/5/2011 0:00,Aoizaka Baseball Club 17,2147483647,20000
47,1/5/2011 0:00,Magical X Miracle 2,0,20000
50,1/12/2011 0:00,Shanaou Yoshitsune Genpei War 9,0,20000
55,1/19/2011 0:00,Bitter Trap,0,20000
56,1/19/2011 0:00,One Sided Love,0,20000
57,1/19/2011 0:00,Powerful Cheers!!!,0,20000
58,1/19/2011 0:00,Diamond Beat,0,20000
59,1/19/2011 0:00,"I Love You, Sensei!",0,20000
60,1/19/2011 0:00,Love Button 01,2147483647,20000
61,1/19/2011 0:00,Lonely Without You 01,9.78602E+12,20000
62,1/19/2011 0:00,Lonely Without You 02,9.78602E+12,20000
63,1/19/2011 0:00,Lonely Without You 03,9.78979E+12,20000
64,1/19/2011 0:00,Namida Usagi - Tears of First Love 01,9.78602E+12,20000
65,1/19/2011 0:00,Bleach 36,9.78979E+12,20000
67,1/26/2011 0:00,Takoyaki Princess,0,20000
68,1/26/2011 0:00,Princess Gal Paradise 01,9.78602E+12,20000
69,1/26/2011 0:00,Cinta Sang Fashionista,0,20000
70,1/26/2011 0:00,Ijime : No need to Cry,0,20000
71,1/26/2011 0:00,Ijime: Undefeated Guts,0,20000
73,1/26/2011 0:00,Be Boys,0,20000
74,1/26/2011 0:00,See You,0,20000
75,1/26/2011 0:00,Renee Sang Penyihir-Somme de Chat,0,20000
76,1/26/2011 0:00,The Butterfly Ink,0,20000
77,1/26/2011 0:00,My Premium Girl,0,20000
78,2/2/2011 0:00,Love CafÃƒÂ©,0,20000
79,2/2/2011 0:00,Paradise CafÃƒÂ©,0,20000
80,2/2/2011 0:00,Love in the Sky 0 1,2147483647,20000
81,2/2/2011 0:00,Flowers of Love,0,20000
82,2/2/2011 0:00,Prince X Princess 01,2147483647,20000
83,2/2/2011 0:00,Together With You,0,20000
84,2/2/2011 0:00,Boy Meets Girl,0,20000
85,2/2/2011 0:00,Smille Himiko 01,9.78979E+12,20000
86,2/2/2011 0:00,Smille Himiko 02,9.78602E+12,20000
87,2/2/2011 0:00,Smille Himiko 03 (END),9.78979E+12,20000
88,2/2/2011 0:00,The Cute One Beside Me,0,20000
89,2/2/2011 0:00,Glasses Boy&#039;s Lovers,0,20000
90,2/2/2011 0:00,Love Deco,0,20000
91,2/2/2011 0:00,"First Love, Freckless and You",0,20000
92,2/2/2011 0:00,The Ghost Conqueror 05,9.78602E+12,20000
93,2/2/2011 0:00,Go Hiromi Go 07,9.78602E+12,20000
94,2/2/2011 0:00,Saint Beast,0,20000
95,2/2/2011 0:00,.Hack//G.U.+  05 (END),9.78602E+12,20000
96,4/24/2011 15:03,Rival Next Door 01,9.78602E+12,20000
97,2/2/2011 0:00,Doctor&#039;s Naughty Kiss,0,20000
98,2/9/2011 0:00,Cute Cute Cute # 1,0,20000
99,2/9/2011 0:00,Cute Cute Cute # 2 (END),0,20000
100,2/9/2011 0:00,Cherry  is Everywhere # 1,0,20000
101,2/9/2011 0:00,Bus Guide Story,0,20000
102,2/9/2011 0:00,Buttterfly Boy,0,20000
103,2/9/2011 0:00,Love After School,0,20000
104,2/9/2011 0:00,Secret Scandal,0,20000
105,2/9/2011 0:00,Kiss and Regret,0,20000
106,2/9/2011 0:00,Time to Say Goodbye,9.78979E+12,20000
107,2/9/2011 0:00,Kiss Me After School!,0,20000
108,2/9/2011 0:00,First love Stories,0,20000
109,2/9/2011 0:00,August December,0,20000
110,2/9/2011 0:00,A Bad Boy Drinks Tea #11 (END),0,20000
111,2/9/2011 0:00,Kirarin Revolution # 14 (END),0,20000
116,3/16/2011 0:00,Unlucky Girl,0,20000
117,2/16/2011 0:00,Lovely Make-Up - Myon & Fuku Chan&#039;s Beauty Learning #1,0,20000
119,2/16/2011 0:00,My Sweet Home #3,0,20000
121,2/23/2011 0:00,Oresama Teacher #4,0,20000
123,2/23/2011 0:00,Momokan #7,0,20000
124,2/23/2011 0:00,My Sweet Kaicho #9,0,20000
125,2/23/2011 0:00,Together in Love # 1,0,20000
126,2/23/2011 0:00,Shanaou Yoshitsune Genpei War #10,0,20000
127,2/23/2011 0:00,Lovely Make-Up - Myon & Fuku Chan&#039;s Beauty Learning #2 (END),0,20000
128,2/23/2011 0:00,Bleach #37,0,20000
129,2/23/2011 0:00,B.O.C.A.H.  #2,0,20000
130,2/23/2011 0:00,Seer The Genchildren #2,0,20000
133,3/2/2011 0:00,Sky Blue Beach #3,0,20000
135,3/2/2011 0:00,Spring Love,0,20000
138,3/2/2011 0:00,Confucious #6,0,20000
140,3/2/2011 0:00,Monika 138,0,20000
141,3/9/2011 0:00,Kaicho&#039;s Kitten,0,20000
142,3/9/2011 0:00,Golden Age #13,0,20000
143,3/9/2011 0:00,Neon Genesis Evangelion #11,0,20000
144,3/9/2011 0:00,If Only You Were Here,0,20000
149,3/16/2011 0:00,Electric Daisy #7,0,20000
150,3/16/2011 0:00,Born To Cook #7,0,20000
151,3/16/2011 0:00,Alive #21 (END),0,20000
152,3/16/2011 0:00,My Egoist Teacher,0,20000
153,3/16/2011 0:00,"Pure Love Kamikaze Captain #13	(END)",0,20000
157,3/23/2011 0:00,Blizard Axel #10,0,20000
158,3/23/2011 0:00,"Go Hiromi Go # 8	(END)",0,20000
159,3/23/2011 0:00,Magical X Miracle #3,0,20000
160,3/23/2011 0:00,Bleach #38,0,20000
161,3/23/2011 0:00,Meet the Banchou #4,0,20000
162,3/23/2011 0:00,School Crisis,0,20000
166,3/30/2011 0:00,Bleach #39,0,20000
167,3/30/2011 0:00,My Sweet Kaicho #10,0,20000
168,3/30/2011 0:00,Together in Love #2,0,20000
169,3/30/2011 0:00,My Kingdom 01,0,20000
170,3/30/2011 0:00,Ultramix Collection #1,0,20000
173,3/30/2011 0:00,Rival Next Door #2,0,20000
174,3/30/2011 0:00,Love in the Sky #2,0,20000
183,4/24/2011 22:36,Monika #139,0,20000
184,3/30/2011 0:00,Koloni Jagoan: THE DREAMCATCHERS,0,20000
185,3/30/2011 0:00,Koloni Jagoan: 1000 GIGA VOLTS,1.23457E+19,20000
219,5/25/2011 0:00,Neon Genesis Evangelion Ironmaiden 2nd #5,9.78602E+12,20000
220,5/25/2011 0:00,Shanaou Yoshitsune Genpei War #12,9.78602E+12,20000
191,5/4/2011 0:00,Aoizaka Baseball Club #19,,20000
192,5/4/2011 0:00,Magical X Miracle #5,,20000
193,5/4/2011 0:00,Give Me All Your Love #1,,20000
194,5/4/2011 0:00,Give Me All Your Love #2 (END),,20000
198,5/11/2011 0:00,Meet the Banchou #5,,20000
199,5/11/2011 0:00,Out Code #2,9.78602E+12,20000
200,5/11/2011 0:00,Prince X Princess # 2,9.78602E+12,20000
201,5/11/2011 0:00,Pudding in Love #1,9.78602E+12,20000
205,5/18/2011 0:00,Millennium Snow #1,9.78602E+12,20000
206,5/18/2011 0:00,Millennium Snow #2,9.78602E+12,20000
207,5/18/2011 0:00,Together in Love #3,9.78602E+12,20000
208,5/18/2011 0:00,My Life #2,9.78602E+12,20000
209,5/18/2011 0:00,Lieru&#039;s Love Power #1,9.78602E+12,20000
210,5/18/2011 0:00,Lieru&#039;s Love Power #2,9.78602E+12,20000
211,5/18/2011 0:00,Ibu,9.78602E+12,20000
212,5/18/2011 0:00,I Love Food and Karen-Chan,9.78602E+12,20000
213,5/18/2011 0:00,Flying Ice Angel,9.78602E+12,20000
214,5/18/2011 0:00,"Color of Sky, Color of Love",9.78602E+12,20000
234,7/7/2010 13:30,Dawn Aria  Volume.3,9.78979E+12,20000
222,5/25/2011 0:00,To Love a Cool Boy,9.78602E+12,20000
223,5/25/2011 0:00,My Boyfriend in 16,9.78602E+12,20000
224,5/25/2011 0:00,Beauty Pop #10,9.78602E+12,20000
225,5/25/2011 0:00,Moriko in The Wonder Forest,9.78602E+12,20000
226,5/25/2011 0:00,Love Trick,9.78602E+12,20000
227,5/25/2011 0:00,Catwalk Romance,9.78602E+12,20000
228,5/25/2011 0:00,Jun X Sensation #5,9.78602E+12,20000
232,5/25/2011 0:00,Himegirl Attack,9.78602E+12,20000
235,7/7/2010 16:59,ELECTRIC DAISY  Volume.5,9.78979E+12,20000
240,7/7/2010 13:12,Gorgeous Twins,9.78979E+12,20000
241,7/7/2010 13:40,Love Letter,9.78979E+12,20000
242,7/7/2010 13:58,MEET THE BANCHOU Vol. 3,9.78979E+12,20000
243,7/7/2010 14:36,RASETSUÃ¢â‚¬â„¢S FLOWER  Volume.6,9.78979E+12,20000
244,7/7/2010 15:05,"SayakaÃ¢â‚¬â„¢s Special Attack, Big Victory!",9.78979E+12,20000
247,7/14/2010 21:58,GO! HIROMI GO!  Volume.01,9.78979E+12,20000
249,7/21/2010 23:48,THE PRINCESS BOUQUET Volume.3,9.78979E+12,20000
250,7/21/2010 0:09,Sakura Wars #9,9.78979E+12,20000
252,7/21/2010 16:51,Female WolfÃ¢â‚¬â„¢s BOY vol. 1,9.78979E+12,20000
253,7/28/2010 23:36,Happy Cafe #15,9.78979E+12,20000
254,7/21/2010 23:58,IDOL SHOPPING vol. 1,9.78979E+12,20000
255,7/28/2010 0:31,INNOCENT DRAGON #6,7.98979E+12,20000
257,6/4/2011 1:23,Sandwich Girl vol. 1,9.78979E+12,20000
259,7/21/2010 2:02,UGLY DUCKLING BECOME SWAN #1,9.78979E+12,20000
260,8/4/2010 15:08,BLEACH #31,9.78979E+12,20000
262,7/4/2010 15:54,Sejejak Harap,9.78979E+12,20000
263,8/4/2010 22:43,THE STRAWBERRY MARSHMALLOW 6,9.78979E+12,20000
265,8/4/2010 12:05,Triple Honey,9.78979E+12,20000
266,8/4/2010 16:43,WIZARD IN JULY,9.78979E+12,20000
268,8/4/2010 17:56,"YOWAMUSHI PEDAL, GO! Vol. 8",9.78979E+13,20000
269,8/11/2010 0:09,BATTLE BRAWLERS BAKUGAN 9,9.78979E+12,20000
270,8/11/2010 0:16,BLEACH vol. 32,9.78979E+12,20000
271,6/1/2011 0:00,Bleach #40,9.78602E+12,20000
273,6/1/2011 0:00,Glasses Boy Fans Club,9.78602E+12,20000
274,6/1/2011 0:00,"Hai, Miiko! #23",,20000
275,6/1/2011 0:00,Heroine Complex,9.78602E+12,20000
276,6/1/2011 0:00,Love Class,9.78602E+12,20000
277,6/1/2011 0:00,Love Samurai,9.78602E+12,20000
278,6/1/2011 0:00,Magical X Miracle #6  (END),9.78602E+12,20000
279,6/1/2011 0:00,Monika #141,9.78602E+12,20000
281,6/1/2011 0:00,My Tiger Boy #1,9.78602E+12,20000
282,6/1/2011 0:00,My Tiger Boy #2 (END),9.78602E+12,20000
283,6/1/2011 0:00,Out Code #3 (END),9.78602E+12,20000
285,6/1/2011 0:00,Seiyuu-Ka! Lovely Voice #1,9.78602E+12,20000
286,6/1/2011 0:00,Sky Blue Beach #5,9.78602E+12,20000
290,6/8/2011 0:00,Love So Life #4,9.78602E+12,20000
291,6/8/2011 0:00,Meet the Banchou #6,9.78602E+12,20000
292,6/8/2011 0:00,My Devilish Love,9.78602E+12,20000
294,6/8/2011 0:00,Petualangan Hebring,9.78602E+12,20000
297,6/8/2011 0:00,SOS After School,9.78602E+12,20000
302,6/15/2011 0:00,Bleach #41,9.78602E+12,20000
303,6/15/2011 0:00,Just Love Me!,9.78602E+12,20000
304,6/15/2011 0:00,Miracle Kiss,9.78602E+12,20000
306,6/15/2011 0:00,Naughty Boyfriend,9.78602E+12,20000
309,6/22/2011 0:00,Aoizaka Baseball Club #20,9.78602E+12,20000
310,6/22/2011 0:00,Film Girl #1,9.78602E+12,20000
312,6/22/2011 0:00,My Life #3,9.78602E+12,20000
313,6/22/2011 0:00,Neon Genesis Evangelion Ironmaiden 2nd # 6 (END),9.78602E+12,20000
315,6/22/2011 0:00,Pudding in Love #2,9.78602E+12,20000
316,6/22/2011 0:00,Shanaou Yoshitsune Genpei War #13,9.78602E+12,20000
317,6/22/2011 0:00,Song of Love #8 (END),9.78602E+12,20000
319,6/22/2011 0:00,When Love Is Blooming,9.78602E+12,20000
320,6/29/2011 23:31,My Kingdom 03,9.78602E+12,20000
321,8/11/2010 0:42,CONFUCIUS  Volume 2,9.78979E+12,20000
322,8/11/2010 10:59,GO! HIROMI GO!  Volume.2,9.78979E+12,20000
323,8/11/2010 11:19,IJIME â€“ The Invisible Malice,9.78979E+12,20000
324,7/6/2011 12:00,Sky Blue Beach #6 (tamat),9.78602E+12,20000
325,7/6/2011 12:00,Let Me Kiss You,9.78602E+12,20000
329,7/5/2010 0:27,"AH, DEAR BANCHOU! Volume.5",9.78979E+12,20000
330,7/28/2010 0:58,BECAUSE I LOVE YOU  Volume.1,9.78979E+13,20000
331,7/28/2010 12:56,BLEACH  Volume30,9.78979E+12,20000
334,7/28/2011 0:03,DRAGON?GIRL  #5,9.78979E+12,20000
347,7/13/2011 12:00,Meet The Banchou 7,9.78602E+12,20000
348,7/13/2011 12:00,Love Button 2,9.78602E+12,20000
349,7/13/2011 12:00,The Love Helper,9.78602E+12,20000
350,7/13/2011 12:00,My Lovely Class Leader 1,9.78602E+12,20000
351,7/13/2011 12:00,Seiyuu-ka!Lovely Voice 2,9.78602E+12,20000
352,7/13/2011 12:00,Ultramix Collection 2,9.78602E+12,20000
353,7/13/2011 12:00,Last Summer Cinema 1,9.78602E+12,20000
354,7/13/2011 12:00,Love So Life 5,9.78602E+12,20000
360,7/28/2010 1:14,Satu atap,9.78979E+12,20000
361,7/28/2010 1:24,SHANAOU YOSHITSUNE GENPEI WAR  Volume 4,9.78979E+12,20000
362,7/28/2010 1:45,Tell Me One Million Times  Volume 1,9.78979E+12,20000
364,7/28/2010 21:55,The Impeccable Twins â€“ Final Chapters,9.78979E+12,20000
366,7/28/2010 22:32,YOU CANÂ&#039;T DISAPPEAR FROM ME  Volume 1,9.78979E+12,20000
367,8/11/2010 10:52,MIRACLE BALL  Volume 10,9.78979E+12,20000
368,8/11/2010 21:46,SPARKLING GINGACHOU 10,9.78979E+12,20000
369,8/11/2010 21:57,SUGAR FAMILY Vol. 2,9.78979E+12,20000
371,8/18/2010 15:07,A Badboy Drinks Tea 7,9.78979E+12,20000
374,7/20/2011 22:18,Electric Daisy #8,9.78602E+12,20000
375,7/20/2011 22:22,Namida Usagi_Tears of First Love #2,9.78602E+12,20000
376,7/20/2011 22:25,My Beautiful Model,9.78602E+12,20000
379,8/18/2010 22:45,Female Wolfâ€™s BOY vol. 2,9.78979E+12,20000
383,7/20/2011 23:35,Love Arrow,9.78602E+12,20000
386,7/20/2011 23:44,Love Me,9.78602E+12,20000
385,7/20/2011 23:42,3 Colors Signal,97860221819,20000
387,7/20/2011 23:46,Magical Sweet Mermaid,9.78602E+12,20000
388,7/20/2011 23:48,Sweet Words no Love,97860221529,20000
389,7/20/2011 23:49,St Valentines Bodyguard,9.78602E+12,20000
390,7/27/2011 23:56,Shanao Yoshitsune Genpei war #14,9.78602E+12,20000
391,7/27/2011 23:58,My Life #4,9.78602E+12,20000
392,7/27/2011 23:59,Chery #55,9.78602E+12,20000
402,8/18/2010 1:06,Ugly Duckling Become Swan 2,9.78979E+12,20000
403,8/3/2011 14:08,Together in Love #4,9.78602E+12,20000
404,8/3/2011 14:10,"We Love You,Shiro!",9.78602E+12,20000
405,8/3/2011 14:11,Last Summer Cinema #2,9.78602E+12,20000
411,8/3/2011 14:37,Koloni Jagoan #4,9.78602E+12,20000
412,8/3/2011 14:54,Pelangi di Naungan Mentari,9.78602E+12,20000
413,8/3/2011 14:57,XOL : The exolight 1,9.78602E+12,20000
414,8/25/2010 17:37,Cermin Putih,9.78979E+12,20000
417,8/25/2010 23:50,Female Wolfâ€™s BOY vol. 3,9.78979E+12,20000
421,8/25/2010 9:47,Garudaboi 2,9.78979E+12,20000
422,8/25/2010 9:58,GOLDEN AGE Vol.11,9.78979E+12,20000
427,8/10/2011 12:00,My lovely Class Leader #2,9.78602E+12,20000
428,8/10/2011 12:00,Meet The Banchou 08,9.78602E+12,20000
429,8/10/2011 12:00,My lfe #5,9.78602E+12,20000
430,8/10/2011 12:00,Love Button #3,9.78602E+12,20000
431,8/10/2011 12:00,Cherry is Everywhere #2,9.78602E+12,20000
432,8/10/2011 12:00,Princess Gal Paradise #2,9.78602E+12,20000
433,8/10/2011 12:00,Spray King #1,9.78602E+12,20000
444,8/16/2011 13:20,Flower of Queen #2,9.78602E+12,20000
445,8/16/2011 13:26,Kitchen Palette #1,9.78602E+12,20000
446,8/16/2011 13:28,Love at sakura Dormitory,9.78602E+12,20000
447,8/16/2011 13:29,Kumpulan Cerita Terbaik Miiko #4,9.78602E+12,20000
448,8/16/2011 13:35,Pudding in Love #3,9.78602E+12,20000
449,8/16/2011 13:37,Namida Usagi_Tears of First Love #3,9.78602E+12,20000
450,8/16/2011 13:40,Shanaou Yoshitsune Genpei War #15,9.78602E+12,20000
451,8/16/2011 13:44,My Dearest Pochi #1,9.78602E+12,20000
452,8/16/2011 13:46,"Love,romance,and The World #1",9.78602E+12,20000
453,8/16/2011 13:55,Perfect Boy Falls in love,9.78602E+12,20000
454,8/16/2011 14:03,Seiyuu-ka!Lovely Voice #3,9.78602E+12,20000
461,8/18/2011 22:25,Song for My Sweet Home #2,9.78602E+12,20000
458,8/16/2011 13:26,Moon Fighters #1,9.78602E+12,20000
462,8/18/2011 23:03,A Witch Who Looks for Love,9.78602E+12,20000
463,8/18/2011 23:05,Love in The Sky #3,9.78602E+12,20000
464,8/18/2011 23:06,Chocolate Magic,9.78602E+12,20000
465,8/18/2011 23:07,Lovely Lesson Hair Make Episode,9.78602E+12,20000
466,8/18/2011 23:09,Ultra Z Class,9.78602E+12,20000
467,8/18/2011 23:11,Doctors Gentle Love,9.78602E+12,20000
468,8/18/2011 23:13,Honey Love Dandy Teacher,9.78602E+12,20000
469,8/18/2011 23:14,Ijime-If I have Enough Courage,9.78602E+12,20000
470,8/18/2011 23:16,Invicible Lover,9.78602E+12,20000
471,8/18/2011 23:17,Secret Kiss,9.78602E+12,20000
472,8/18/2011 23:18,Honey Love,9.78602E+12,20000
476,9/1/2010 12:43,A Badboy Drinks Tea 8,9.78979E+12,20000
492,9/9/2010 12:32,Miracle Ball 11,9.78979E+12,20000
493,9/9/2010 12:37,Shinobi Life 8,9.78979E+12,20000
494,9/14/2011 16:05,"Sayaka,The Unbeatable Yankee Girl",9.78602E+12,20000
495,9/14/2011 16:17,My Perfect Private Teacher,9.78602E+12,20000
496,9/14/2011 16:19,"Yona,The girl Standing in the Blush of Dawn 01",9.78602E+12,20000
497,9/9/2011 16:21,Love so Life 06,9.78602E+12,20000
498,9/14/2011 16:19,I&#039;ve Loved You Since So Long,9.78602E+12,20000
499,9/14/2011 16:23,Princess Gal Paradise 03,9.78602E+12,20000
504,9/1/2010 0:18,The Minami Family 6,9.78979E+12,20000
506,9/1/2010 0:42,Ugly Duckling Become Swan 3,9.78979E+12,20000
507,9/1/2010 0:46,You Can&#039;t Disappear from Me 3 of 4,9.78979E+12,20000
511,9/22/2010 19:50,Go! Hiromi Go! 3,9.78979E+12,20000
512,9/22/2010 19:57,Graffiti of Love,9.78979E+12,20000
513,9/22/2010 20:29,Idol Shopping 3,9.78979E+12,20000
514,9/22/2010 20:32,Kimi Ga Suki - I Love You - 1 of 3,9.78979E+12,20000
515,9/22/2010 20:40,Love So Life 1,9.78979E+12,20000
517,9/22/2010 21:04,My Dinosaur Dentis,9.78979E+12,20000
518,9/22/2010 14:58,Oresama Teacher 2,9.78979E+12,20000
519,9/22/2010 15:02,Salon for a Broken Heart,9.78979E+12,20000
520,9/21/2011 21:30,Kitchen Palette 02,9.78602E+12,20000
521,9/21/2011 21:33,Spray King 02,9.78602E+12,20000
522,9/21/2011 21:34,My Lovely Class Leader 03,9.78602E+12,20000
523,9/21/2011 21:36,Love in The Sky 04,9.78602E+12,20000
524,9/21/2011 21:37,Seiyuu-Ka!Lovely Voice 04,9.78602E+12,20000
525,9/21/2011 21:41,Born To Cook 08,9.78602E+12,20000
530,9/30/2011 22:29,Love Button 04,9.78602E+12,20000
531,9/30/2011 22:34,Namida Usagi-Tears of First Love 04,9.78602E+12,20000
532,9/30/2011 22:36,"Love,Romance,and the World 02",9.78602E+12,20000
533,9/30/2011 22:38,Assasins,9.78602E+12,20000
534,9/30/2011 22:39,My Clumsy Boy 01,9.78602E+12,20000
535,9/30/2011 22:46,My Clumsy Boy 02,9.78602E+12,20000
536,9/20/2011 22:47,Eighty Eight 01,9.78602E+12,20000
539,9/22/2010 11:39,Shanaou Yoshitsune Genpei War 6,9.78979E+12,20000
542,9/22/2010 12:13,The Ghost Conqueror 4,9.78979E+12,20000
548,9/29/2010 22:48,Seer The Genchildren 1,9.78979E+12,20000
547,9/29/2010 22:25,The Prince and The Poor,9.78979E+12,20000
549,9/29/2010 0:32,Wind Rider Sky Age: Special Edition,9.78979E+12,20000
557,9/29/2010 22:22,A Bad Boy Drinks Tea 9,9.78979E+12,20000
558,9/29/2010 22:41,Jun x Sensation 3,9.78979E+12,20000
559,9/29/2010 0:36,Rasetsu&#039;s Flowers 7,9.78979E+12,20000
563,9/29/2010 9:05,Anemone Flower Shop,9.78979E+12,20000
564,9/29/2010 2:49,Lady and the Sea 1,9.78979E+12,20000
565,9/29/2010 3:06,Shanimuni Go 31,9.78979E+12,20000
566,9/29/2010 3:13,Sky Blue Beach 1,9.78979E+12,20000
567,9/29/2010 3:22,You Are My Wing,9.78979E+12,20000
571,9/28/2011 21:43,Meet The Banchou 09,,20000
573,9/28/2011 21:50,Crown Latte,9.78602E+12,20000
574,9/28/2011 21:51,Song of The Sky,9.78602E+12,20000
575,9/28/2011 21:53,World of Dreams,9.78602E+12,20000
576,9/28/2011 21:54,Pudding in Love 04,9.78602E+12,20000
577,9/28/2011 21:56,My Dearest Pochi 02,9.78602E+12,20000
578,9/28/2011 21:57,Ignite Wedge 1,9.78602E+12,20000
580,9/28/2011 22:01,Fragments of Summer,9.78602E+12,20000
581,9/28/2011 22:03,Tabi and the Fellow Travelers 01,9.78602E+12,20000
582,9/28/2011 22:36,My Lovely Chef,9.78602E+12,20000
583,9/28/2011 22:38,Innocent Blade Unveil,9.78602E+12,20000
584,9/28/2011 22:40,Clock Maker&#039;s Love,9.78602E+12,20000
587,10/10/2010 1:53,White Paper Ark 7,9.78979E+12,20000
588,10/10/2010 11:36,Lovers In Paris,9.78979E+12,20000
589,10/10/2010 11:42,Welcome to Rakuan-Inn,9.78979E+12,20000
590,10/10/2010 11:47,Dawn Aria 6,9.78979E+12,20000
591,10/10/2010 13:47,School Baby,9.78979E+12,20000
592,10/15/2010 13:57,Cyboy 1,9.78979E+12,20000
593,10/10/2010 14:05,The Princessa,9.78979E+12,20000
595,10/10/2010 14:20,Monika 135,9.78979E+12,20000
597,10/15/2010 14:08,Miracle Ball 12,9.78979E+12,20000
598,10/15/2010 14:46,Bleach 35,9.78979E+12,20000
599,10/15/2010 14:49,Kimi Ga Suki - I Love You - 2 of 3,9.78979E+12,20000
600,10/3/2011 15:01,How to Make A princess 1,9.78979E+12,20000
601,10/15/2010 15:38,Song of Love 6,9.78979E+12,20000
602,10/15/2010 15:48,Because I Love You 2,9.78979E+12,20000
603,10/15/2010 15:55,Love Remedy,Kohara Yuko,20000
605,10/5/2011 22:02,Super Sweet Honey,9.78602E+12,20000
606,10/5/2011 22:13,Takeru : Opera Susanoh Sword of the Devil 01,9.78602E+12,20000
607,10/5/2011 22:17,Ai Hime-Love and Secret 01,9.78602E+12,20000
608,10/5/2011 22:31,Ai Hime-Love and Secret 02,9.78602E+12,20000
609,10/5/2011 22:32,Ai Hime-Love and Secret 03,9.78602E+12,20000
610,10/5/2011 22:33,Love Sick 01,9.78602E+12,20000
615,10/5/2011 22:44,Moon Fighters 02,9.78602E+12,20000
620,10/20/2010 1:11,A BADBOY DRINKS TEA 10,9.78979E+12,20000
621,10/20/2010 1:20,BEAUTY POP 8,9.78979E+12,20000
629,10/15/2010 1:13,IDOL SHOPPING  4,9.78979E+12,20000
623,10/20/2010 2:13,CANON,9.78979E+12,20000
624,10/20/2010 2:21,COLD HEART,9.78979E+12,20000
625,10/20/2010 2:35,GO! HIROMI GO! 4,9.78979E+12,20000
626,10/20/2010 2:46,KINGDOM OF THE BEAST,9.78979E+12,20000
627,10/20/2010 2:58,ORESAMA TEACHER 3,9.78979E+12,20000
628,10/20/2010 3:10,TO THE TOP! 2,9.78979E+12,20000
631,10/15/2010 12:25,Battle Brawlers  Bakugan 11,9.78979E+12,20000
632,10/20/2010 12:39,Shanaou Yoshitsune Genpei War 7,9.78979E+12,20000
633,10/20/2010 12:52,Love Survival,9.78979E+12,20000
634,10/25/2010 13:22,Misunderstand Girl and Angry Prince,9.78979E+12,20000
636,10/12/2011 17:42,Sable Prince 01,9.78602E+12,20000
637,10/12/2011 17:45,Blizzard Axel 11,9.78602E+12,20000
638,10/12/2011 17:46,The Adventurr of Yoshito Sama 01,9.78602E+12,20000
639,10/12/2011 17:48,Kitche Palette 03,9.78602E+12,20000
640,10/12/2011 17:50,Pure Love Station,9.78602E+12,20000
641,10/12/2011 17:53,My Lovely Class Leader 04,9.78602E+12,20000
642,10/12/2011 17:54,Next to You 01,9.78602E+12,20000
649,10/10/2011 18:14,Aoizaka Baseball Club 21,9.78602E+12,20000
650,10/19/2011 18:16,My Dearest Pochi 03,9.78602E+12,20000
651,10/19/2011 18:17,Eighty Eight 02,9.78602E+12,20000
652,10/19/2011 18:18,"Yona,The girl Standing in the Blush of Dawn 02",9.78602E+12,20000
653,10/19/2011 18:19,"Love,Romance,and the World 03",9.78602E+12,20000
656,10/20/2010 11:24,Intan Permata Rimba 1,9.78979E+12,20000
659,10/15/2010 9:26,Ugly Duckling Become Swan 4,9.78979E+12,20000
662,10/20/2010 14:37,Be A Naughty Girls 1,9.78979E+12,20000
663,10/26/2011 22:28,Ignite Wedge 02,9.78602E+12,20000
664,10/26/2011 22:30,Bleach 43,9.78602E+12,20000
665,10/26/2011 22:33,Samurai Force 01,9.78602E+12,20000
666,10/26/2011 22:34,7 Centi!Love & Friendship 01,9.78602E+12,20000
667,10/26/2011 22:36,7 Centi!Love & Friendship 02,9.78602E+12,20000
668,10/26/2011 22:38,7 Centi!Love & Friendship 03,9.78602E+12,20000
669,10/26/2011 22:38,Tabi and The Fellow Traveler 02,9.78602E+12,20000
670,10/26/2011 22:40,Roman Club 01,9.78602E+12,20000
671,10/26/2011 22:41,Spray King 03,9.78602E+12,20000
672,10/26/2011 22:43,Tokyo Angel 02,9.78602E+12,20000
674,10/26/2011 22:48,Intan Permata Rimba 04,9.78602E+12,20000
676,11/15/2010 13:56,Cyboy 2,9.78979E+12,20000
681,11/20/2010 23:15,Sky Blue Beach 2,9.78979E+12,20000
680,11/20/2010 23:02,Rifle Girl,9.78979E+12,20000
683,11/20/2010 23:35,Love So Life 2,9.78979E+12,20000
684,11/20/2010 23:39,Shanimuni Go 32,9.78979E+12,20000
685,11/25/2010 13:16,BATTLE BRAWLERS BAKUGAN 12,9.78979E+12,20000
686,11/25/2010 13:48,Female Wolfâ€™s BOY vol. 8,9.78979E+12,20000
688,11/25/2010 13:59,GO! HIROMI GO!  VOL. 05,9.78979E+12,20000
689,11/2/2011 20:50,Sable Prince 02,9.78602E+12,20000
690,11/2/2011 20:51,Erementar gerad 01,9.78602E+12,20000
691,11/2/2011 20:55,Love Sick 02,9.78602E+12,20000
692,11/2/2011 20:56,Next To you 02,9.78602E+12,20000
1322,1/9/2013 12:43,Magic Love Spell,9.78602E+12,20000
696,11/2/2011 21:02,XOL : The Exolight #2,9.78602E+12,20000
697,11/9/2011 21:04,Mysterious Joker 05,9.78602E+12,20000
698,11/9/2011 21:07,My Lovely Class Leader 05,9.78602E+12,20000
699,11/9/2011 21:09,School Babysitters 01,9.78602E+12,20000
700,11/9/2011 21:12,"Yona,The girl Standing in the Blush of Dawn 03",9.78602E+12,20000
706,11/16/2011 21:27,Eighty Eight 03,9.78602E+12,20000
707,11/16/2011 21:38,The Adventure of Yoshito Sama 02,9.78602E+12,20000
708,11/16/2011 21:43,Love That I Should Have,9.78602E+12,20000
709,11/16/2011 21:44,Lost Seven 01,9.78602E+12,20000
710,11/16/2011 21:46,Roman Club 02,9.78602E+12,20000
711,11/16/2011 21:48,Cinderellas Wish,9.78602E+12,20000
713,11/16/2011 21:53,The Breaker 01,9.78602E+12,20000
716,11/25/2010 23:42,"HAI, MIIKO!  22",9.78979E+12,20000
717,11/25/2010 23:53,HOW TO MAKE A PRINCESS Vol. 2,9.78979E+12,20000
718,11/25/2010 0:43,Monika 136,9.78979E+12,20000
719,11/25/2010 0:49,TOGETHERNESS,9.78979E+12,20000
721,11/28/2010 23:25,LADY & THE SEA vol 2,9.78979E+12,20000
722,11/28/2010 23:36,My Cheerful Boyfriend,9.78979E+12,20000
723,11/28/2010 23:41,Guru Ahli Roh Nube,9.78979E+12,20000
724,11/30/2010 22:50,BE A NAUGHTY GIRL 2,9.78979E+12,20000
725,11/30/2010 23:17,Female Wolfâ€™s BOY vol. 9,9.78979E+12,20000
728,11/30/2010 0:03,KIMI GA SUKI ~ I Love You ~ Volume 3,9.78979E+12,20000
731,11/30/2010 21:01,Purnama Kesembilan,9.78979E+12,20000
733,11/30/2010 22:42,SHANAOU YOSHITSUNE GENPEI WAR Vol. 8,9.78979E+12,20000
735,12/5/2010 21:19,1/6 JUMP!,9.78979E+12,20000
738,12/5/2010 22:57,Dharmaputera,9.78979E+12,20000
741,12/5/2010 23:22,LOVE BLOOMS,9.78979E+12,20000
742,12/5/2010 23:29,Sejejak Mimpi,9.78979E+12,20000
744,12/5/2010 23:50,Song of love Vol. 7,9.78979E+12,20000
746,12/10/2010 9:19,AOIZAKA BASEBALL CLUB Vol.16,9.78979E+12,20000
747,12/10/2010 9:24,GOLDEN AGE Vol.12,9.78979E+12,20000
748,12/10/2010 9:44,MAGICAL MIRACLE Vol. 1,9.78979E+12,20000
749,12/10/2010 9:51,NEWS PARADE .1,9.78979E+12,20000
750,12/15/2010 10:46,BATTLE BRAWLERS BAKUGAN vol. 13,9.78979E+12,20000
752,12/15/2010 11:11,Be a Naughty Girl Vol.3,9.78979E+12,20000
753,11/23/2011 13:52,Tabi and the Fellow Travelers 03,9.78602E+12,20000
754,11/23/2011 13:53,Bleach 44,9.78602E+12,20000
755,11/23/2011 13:54,Images of You 01,9.78602E+12,20000
756,11/23/2011 13:56,Suddenly Kiss,9.78602E+12,20000
757,11/23/2011 13:57,Our Gentle Love,9.78602E+12,20000
758,11/23/2011 13:58,Mail Girlfriend 1,9.78602E+12,20000
759,11/23/2011 14:00,Tokyo Angel 03,9.78602E+12,20000
762,11/30/2011 20:01,Spray King 04,9.78602E+12,20000
763,11/30/2011 20:05,Takeru : Opera Susanoh Sword of the Devil 02,9.78602E+12,20000
764,11/30/2011 20:06,Love is in The air,9.78602E+12,20000
765,11/30/2011 20:07,Words of Love,9.78602E+12,20000
766,11/30/2011 20:09,Love Comedy,9.78602E+12,20000
767,11/30/2011 20:11,A Kiss in The Night,9.78602E+12,20000
769,11/30/2011 20:17,Koloni Jagoan 05,9.78602E+12,20000
771,12/15/2010 8:37,Electric Daisy #8,9.78979E+12,20000
773,12/15/2010 13:28,Monika 137,9.78979E+12,20000
774,12/15/2010 13:36,SUGAR FAMILY Vol.  5,9.78979E+12,20000
775,12/20/2010 23:40,Female Wolfâ€™s BOY vol. 10,9.78979E+12,20000
776,12/20/2010 23:53,GO! HIROMI GO! 6,9.78979E+12,20000
779,12/20/2010 0:12,UGLY DUCKLING BECOME SWAN vol. 5,9.78979E+12,20000
780,12/25/2010 11:24,BATTLE BRAWLERS BAKUGAN vol. 14,9.78979E+12,20000
782,12/25/2010 11:39,Be Boys,9.78979E+12,20000
787,12/25/2010 12:32,Intan Permata Rimba. 2,9.78979E+12,20000
788,12/25/2010 12:37,Jalan Komik,9.78979E+12,20000
789,12/25/2010 12:49,"Langit, Bumi, Samudra",9.78979E+12,20000
790,12/25/2010 12:55,You Can&#039;t Disappear from Me Vol 1,9.78979E+12,20000
791,12/7/2011 21:27,Love Sick 03,9.78602E+12,20000
792,12/7/2011 21:30,Next To you 03,9.78602E+12,20000
793,12/7/2011 21:31,Dear 01,9.78602E+12,20000
794,12/7/2011 21:33,Dear 02,9.78602E+12,20000
795,12/7/2011 21:34,Gamaran 01,9.78602E+12,20000
796,12/7/2011 21:37,Erementar gerad 02,9.78602E+12,20000
798,12/7/2011 21:39,My Lovely Class Leader 06,9.78602E+12,20000
803,12/14/2011 21:47,Lost Seven 02,9.78602E+12,20000
804,12/14/2011 21:50,Born To Cook 09,9.78602E+12,20000
805,12/14/2011 21:51,Love Zipper,9.78602E+12,20000
806,12/14/2011 21:52,My Pearl Girl 2 #Ongoing,9.78602E+12,20000
807,12/14/2011 21:53,Samurai Force 02,9.78602E+12,20000
808,12/14/2011 21:55,Pudding in Love 05,9.78602E+12,20000
811,12/21/2011 22:09,Eighty Eight 04,9.78602E+12,20000
812,12/21/2011 22:20,The Adventure of Yoshito Sama 03,9.78602E+12,20000
813,12/21/2011 22:26,School Babysitters 02,9.78602E+12,20000
814,12/21/2011 22:27,Shanaou Yoshitsune Genpei War 16,9.78602E+12,20000
815,12/21/2011 22:29,"Yona,The girl Standing in the Blush of Dawn 04",9.78602E+12,20000
816,12/21/2011 22:30,Stylist of Love,9.78602E+12,20000
817,12/21/2011 22:32,Tokyo Rock Boy,9.78602E+12,20000
818,12/21/2011 22:51,Ice Dancing With You,9.78602E+12,20000
820,12/21/2011 22:54,The Breaker 02,9.78602E+12,20000
821,1/11/2012 20:33,Born To Cook #10,9.78602E+12,20000
822,1/11/2012 20:34,Flower Of Queen #3,9.78602E+12,20000
823,1/11/2012 20:35,Electric Dasiy #9,9.78602E+12,20000
824,1/11/2012 20:35,Love Button #5,9.78602E+12,20000
825,1/11/2012 20:36,Chocolate Magic-Bittersweet,9.78602E+12,20000
826,1/11/2012 20:37,Beast Lover #1,9.78602E+12,20000
827,1/11/2012 20:39,Beast Lover #2,9.78602E+12,20000
829,1/18/2012 0:00,My Lovely Class Leader #7,9.78602E+12,20000
1028,1/6/2012 21:35,Samurai Force #3,9.78602E+12,20000
831,1/18/2012 0:00,First Love Lesson 1,9.78602E+12,20000
832,1/18/2012 0:00,My Gentle Wolfers,9.78602E+12,20000
835,1/18/2012 0:00,The Breaker 03,9.78602E+12,20000
836,1/25/2012 0:00,Images of You #3,9.78602E+12,20000
837,1/25/2012 0:00,Lost Seven 03,9.78602E+12,20000
838,1/25/2012 0:00,Princess Gal Paradise #4,9.78602E+12,20000
839,1/25/2012 0:00,Distance To A kiss,9.78602E+12,20000
842,2/1/2012 0:00,My Kingdom 04,9.78602E+12,20000
843,2/1/2012 0:00,Next To you #5,9.78602E+12,20000
845,2/1/2012 0:00,Goong #23 (Palace Story),9.78602E+12,20000
847,1/5/2010 10:41,BLEACH  #1,9.78979E+12,20000
848,5/4/2009 9:42,BLEACH  #2,9.78979E+12,20000
849,5/4/2009 10:05,BLEACH  #3,9.78979E+12,20000
850,5/4/2009 14:43,BLEACH  #4,9.78979E+12,20000
851,5/4/2012 15:05,BLEACH  #5,9.78979E+13,20000
852,5/4/2009 15:21,BLEACH  #6,9.78979E+12,20000
853,5/4/2009 15:39,BLEACH  #7,9.78979E+12,20000
854,5/4/2009 15:54,BLEACH  #8,9.78979E+12,20000
855,5/4/2009 16:12,BLEACH  #9,9.78979E+12,20000
856,5/4/2009 16:24,BLEACH  #10,9.78979E+13,20000
858,5/11/2009 1:09,BLEACH  #12,9.78979E+12,20000
859,5/11/2009 1:42,BLEACH  #13,9.78979E+12,20000
860,6/11/2010 23:53,BLEACH  #14,9.78979E+12,20000
861,6/15/2010 23:49,BLEACH  #15,9.78979E+12,20000
862,6/16/2009 0:04,"HAI, MIIKO!  1",9.78979E+12,20000
863,6/18/2009 3:02,"HAI, MIIKO!  2",9.78979E+12,20000
864,6/17/2009 0:41,"HAI, MIIKO!  3",9.78979E+12,20000
865,6/17/2009 0:55,"HAI, MIIKO!  4",9.78979E+12,20000
866,6/17/2009 1:16,"HAI, MIIKO!  5",9.78979E+12,20000
867,6/18/2009 0:29,"HAI, MIIKO!  6",9.78979E+12,20000
868,6/18/2010 0:41,"HAI, MIIKO!  7",9.78979E+12,20000
869,6/25/2010 0:49,"HAI, MIIKO!  8",9.78979E+12,20000
870,6/26/2010 1:06,"HAI, MIIKO!  9",9.78979E+12,20000
871,6/30/2010 1:26,"HAI, MIIKO!  10",9.78979E+12,20000
872,6/20/2012 14:54,Bleach #47,9.78602E+12,20000
873,6/20/2012 15:20,Asari Chan,9.78602E+12,20000
874,6/27/2009 0:11,Shanaou Yoshitsune Genpei War #1,9.78979E+12,20000
875,6/27/2010 0:53,SHANAOU YOSHITSUNE GENPEI WAR  #2,9.78979E+12,20000
876,6/27/2010 1:50,SHANAOU YOSHITSUNE GENPEI WAR  #3,9.78979E+12,20000
877,6/27/2010 2:32,SHANAOU YOSHITSUNE GENPEI WAR  #5,9.78979E+12,20000
878,6/28/2010 15:58,SHANAOU YOSHITSUNE GENPEI WAR  #14,9.78602E+12,20000
879,6/28/2010 16:09,SHANAOU YOSHITSUNE GENPEI WAR  #15,9.78602E+12,20000
880,6/28/2010 23:05,SHANAOU YOSHITSUNE GENPEI WAR  #16,9.78602E+12,20000
1310,6/27/2012 20:12,Shanaou Yoshitsune - Genpei War 18,9.78602E+12,20000
882,6/29/2010 2:01,BLEACH  #16,9.78979E+11,20000
883,6/30/2010 13:32,BLEACH  #17,9.78979E+12,20000
884,7/1/2010 0:16,BLEACH  #19,9.78979E+12,20000
885,7/1/2010 0:35,BLEACH  #20,9.78979E+12,20000
886,7/1/2012 1:09,BLEACH  #21,9.78979E+12,20000
887,7/1/2010 1:34,BLEACH  #22,9.78979E+12,20000
888,7/1/2010 1:50,BLEACH  #23,9.78979E+12,20000
889,7/2/2010 1:07,BLEACH  #25,9.78979E+13,20000
890,7/2/2010 1:14,BLEACH  #26,9.78979E+13,20000
896,7/3/2012 13:14,"Please, My Princes",9.78602E+12,20000
898,7/4/2012 17:43,Canvas ~ Rainbow Sketch #04 (tamat),9.78602E+12,20000
900,7/4/2012 9:56,Meet the Banchou 11,9.78602E+12,20000
912,7/13/2009 23:26,"HAI, MIIKO!  11",9.78602E+11,20000
913,7/14/2009 0:17,"HAI, MIIKO!  12",9.78602E+12,20000
914,7/14/2009 0:44,"HAI, MIIKO!  13",9.78602E+12,20000
915,7/14/2010 1:47,"HAI, MIIKO!  14",9.78602E+12,20000
916,7/14/2010 2:02,"HAI, MIIKO!  15",9.78602E+12,20000
917,7/15/2010 22:13,"HAI, MIIKO!  16",9.78602E+12,20000
918,7/15/2010 22:25,"HAI, MIIKO!  17",9.78602E+12,20000
919,7/15/2010 23:00,"HAI, MIIKO!  18",9.78602E+12,20000
920,7/15/2010 23:08,"HAI, MIIKO!  19",9.78602E+12,20000
921,7/15/2011 23:27,"HAI, MIIKO!  20",9.78602E+12,20000
922,7/15/2011 23:53,"HAI, MIIKO!  21",9.78602E+12,20000
923,5/30/2012 0:00,"HAI, MIIKO!  24",9.78602E+12,20000
924,7/18/2012 7:56,Love Me If You Dare,9.78602E+12,20000
925,7/17/2012 8:09,May I Love You,9.78602E+12,20000
926,7/18/2012 8:17,Innocent Bride,9.78602E+12,20000
927,7/18/2012 8:26,Love Confusion,9.78602E+12,20000
928,7/18/2012 17:32,I Give My First Love To You 1,9.78602E+12,20000
929,7/18/2012 17:43,Runway Sweetheart 2,9.78602E+12,20000
935,1/4/2012 2:07,Gamaran #2,9.78602E+12,20000
936,1/4/2012 2:12,Next To You  #4,9.78602E+12,20000
937,1/4/2012 2:17,Erementar gerad #3,9.78602E+12,20000
938,1/4/2012 2:23,Namida Usagi - Tears of First Love #5,9.78602E+12,20000
939,1/4/2012 2:07,I love Dog and You,9.78602E+12,20000
940,1/4/2012 2:12,Always By Your Side,9.78602E+12,20000
941,1/4/2012 2:17,Idols&#039;s Love Story 10,9.78602E+12,20000
942,1/4/2012 2:12,Crab kiss #10,9.78602E+12,20000
943,1/4/2012 0:00,Secret #9,9.78602E+12,20000
945,7/25/2012 11:59,Stupid Love,9.78602E+12,20000
946,7/25/2012 12:13,My Nerdy girl,9.78602E+12,20000
947,7/24/2012 12:22,Heart Curtain,9.78602E+12,20000
948,7/25/2012 12:50,Midnight Lolita,9.78602E+12,20000
949,7/24/2012 13:02,Asari Chan 2,9.78602E+12,20000
950,7/25/2012 14:13,Love Lies 01,9.78602E+12,20000
951,7/25/2012 14:26,The Reason for Falling In Love,9.78602E+12,20000
952,7/25/2012 15:26,Runway Dream,9.78602E+12,20000
1116,2/7/2012 17:14,Gamaran 3,9.78602E+12,20000
1115,7/24/2012 16:00,Kirarin Revolution Special Edition 3,9.78602E+12,20000
956,7/25/2012 3:45,Goong Palace Story 26,9.78602E+12,20000
959,1/27/2012 19:55,A Heart for Money,9.78602E+12,20000
960,1/27/2012 20:04,Chocolate and Min,9.78602E+12,20000
998,8/30/2012 23:26,KIELI ~The Deceased Asleep in the Wasteland ~ 01,9.78602E+12,20000
962,1/27/2012 21:04,Kurumatic Miracle,9.78602E+12,20000
963,1/27/2012 21:17,Suki- suki darling,9.78602E+12,20000
965,8/1/2012 13:33,Your Eyes Speak to Me,9.78602E+11,20000
966,8/1/2012 19:17,Family Rush 1,9.78602E+12,20000
967,8/1/2012 19:26,Sweet Love Cafe,9.78602E+12,20000
968,8/1/2012 19:39,Girl&#039;s Love Story,9.78602E+12,20000
969,8/1/2012 20:03,Penguin Love,9.78602E+12,20000
973,8/8/2012 23:17,Love Share,9.78602E+12,20000
974,8/8/2012 23:30,Runway Sweetheart 3,9.78602E+12,20000
975,8/8/2012 23:35,Scarlet Fan - The Tale of Eternal Love 1,9.78602E+12,20000
976,8/8/2012 23:41,My Sweet Kaicho 12,9.78602E+12,20000
977,8/8/2012 23:53,Panzer Princess Punie - Super Great Magical Gap,9.78602E+12,20000
978,8/8/2012 0:50,Story From The Darkness,9.78602E+12,20000
986,8/8/2012 11:54,Love Lies 2,9.78602E+12,20000
985,8/9/2012 11:47,Samurai Darling Masamune,9.78602E+12,20000
983,8/8/2012 1:29,Goong Palace Story 27,9.78602E+12,20000
987,8/8/2012 11:59,I Give My First Love To You 02,9.78602E+12,20000
994,8/30/2012 23:02,Gamaran 7,9.78602E+12,20000
995,8/30/2012 23:07,Kirarin Revolution Special Edition 04,9.78602E+12,20000
996,8/30/2012 23:15,Love in CafÃ© Cappuccino 01,9.78602E+12,20000
997,8/30/2012 23:21,Cappuccino Love Potion,9.78602E+12,20000
999,8/30/2012 23:46,X- DAY 02,9.78602E+12,20000
1004,9/4/2012 23:57,With You The First Time,9.78602E+12,20000
1005,9/4/2012 0:02,Becoming A Star 01,9.78602E+12,20000
1006,9/4/2012 0:06,Tarot Hunt,9.78602E+12,20000
1007,9/4/2012 0:12,Donâ€™t look,9.78602E+12,20000
1008,9/4/2012 13:23,12 Tender Killers ~ in a mixed-up world ~ 01 Founder masak,9.78602E+12,20000
1009,9/6/2012 14:29,The Adventure of Yoshito-Sama 4,9.78602E+12,20000
1011,9/12/2012 23:11,Kumpulan Cerita Terbaik Miiko 6 - Kisah-kisah Mengharukan,9.78602E+12,20000
1013,9/12/2012 23:26,My Sweet Kaicho 13,9.78602E+12,20000
1014,9/12/2012 23:32,Fall in Love with You 1,9.78602E+12,20000
1016,9/12/2012 3:46,Next to You 7,9.78602E+13,20000
1015,9/12/2012 3:38,Kamiyaâ€™s Love Confession,9.78602E+12,20000
1021,9/12/2012 4:09,Garudayana 4,9.78602E+12,20000
1022,12/13/2011 21:59,Born To Cook #10,9.78602E+12,20000
1023,1/1/2012 22:08,Flower of Queen #3,9.78602E+12,20000
1029,9/18/2012 9:52,Fixing a Broken Heart,9.78602E+12,20000
1030,9/18/2012 10:03,Asari-Chan 03,9.78602E+12,20000
1031,9/18/2012 10:10,Love All 1,9.78602E+12,20000
1032,9/18/2012 10:37,Scarlet Fan - The Tale of Eternal Love - 2,9.78602E+12,20000
1033,9/18/2012 10:55,I Give My First Love To You 3,9.78602E+12,20000
1034,9/18/2012 10:59,Chibi Fairy 1,9.78602E+12,20000
1038,9/18/2012 17:11,Samurai Darling Nobunaga,9.78602E+12,20000
1039,9/18/2012 17:39,Kieli ` The Deceased Asleep In The Wasteland 2,9.78602E+12,20000
1036,9/18/2012 16:48,The Beginning Of Summer,9.78602E+12,20000
1037,9/18/2012 17:04,Panzer Princess Punie - Super Great Magical Gap 3,9.78602E+12,20000
1041,9/18/2012 12:08,Kirarin Revolution Special Edition 5,9.78602E+12,20000
1046,9/25/2012 12:01,Iâ€™m Not a Maid 1,9.78602E+12,20000
1047,9/25/2012 14:42,Iâ€™m Not a Maid 2,9.78602E+12,20000
1048,9/25/2012 0:52,Iâ€™m Not a Maid 3,9.78602E+12,20000
1049,9/25/2012 0:55,"Loves Me, Loves Me Not, Loves Me 1",9.78602E+12,20000
1050,9/25/2012 6:57,Love in CafÃ© Cappuccino 02,9.78602E+12,20000
1051,9/25/2012 7:07,Family Rush 2,9.78602E+12,20000
1052,9/25/2012 7:10,Love so Life 7,9.78602E+12,20000
1053,9/25/2012 7:15,Love Lies 03,9.78602E+12,20000
1054,9/25/2012 7:17,D.N. Angel 11,9.78602E+12,20000
1057,9/25/2012 8:56,Bitter Sweet Love 02,9.78602E+12,20000
1059,10/3/2012 17:37,Pure Heart Lovers 1,9.78602E+12,20000
1060,10/3/2012 23:34,Runway Model 1,9.78602E+12,20000
1061,10/3/2012 23:44,High Speed Love,9.78602E+12,20000
1062,10/3/2012 23:53,Glasses Boys&#039; Apartment,9.78602E+12,20000
1063,10/3/2012 1:03,Cute Girl Uniform,9.78602E+12,20000
1064,10/3/2012 1:08,12 Tender Killers ~ in a mixed-up world ~ 02,9.78602E+12,20000
1065,10/3/2012 1:15,My Dearest Pochi 4,9.78602E+12,20000
1066,10/3/2012 1:18,Song For My Sweet Home 3,9.78602E+12,20000
1068,10/10/2012 0:00,Beat of Love,9.78602E+12,20000
1069,10/9/2012 23:44,"Terima Kasih, Mama",9.78602E+12,20000
1070,10/9/2012 23:59,Love Text!,9.78602E+12,20000
1071,10/9/2012 0:17,I Give My First Love to You 04,9.78602E+12,20000
1076,1/1/2012 22:22,In Love with you 2,9.78602E+12,20000
1077,2/1/2012 23:58,In Love with you 1,9.78602E+12,20000
1078,2/1/2012 0:04,In Love with you 2,9.78602E+12,20000
1079,2/1/2012 0:04,In Love with you 3,9.78602E+12,20000
1081,10/16/2012 21:37,Ice Kiss,9.78602E+12,20000
1082,10/16/2012 1:25,Asari-Chan 04,9.78602E+12,20000
1083,10/16/2012 1:33,Love All 02,9.78602E+12,20000
1084,10/16/2012 1:37,Depends on a Kiss,9.78602E+12,20000
1085,10/16/2012 2:26,Seiyuu-Ka! Lovely Voice 5,9.78602E+12,20000
1086,10/16/2012 2:29,Flower in the Shadow,9.78602E+12,20000
1087,10/16/2012 7:31,Kirarin Revolution Special Edition 06,9.78602E+12,20000
1091,10/22/2012 9:13,Shanaou Yoshitsune - Genpei War 19,9.78602E+12,20000
1092,10/22/2012 20:56,Chibi Fairy 02,9.78602E+12,20000
1093,10/22/2012 21:01,Love in CafÃ© Cappuccino 03,9.78602E+12,20000
1094,10/22/2012 22:03,Neon Genesis Evangelion 12,9.78602E+12,20000
1095,10/22/2012 22:08,Love so Life 08,9.78602E+12,20000
1096,10/22/2012 22:12,Next to You 08,9.78602E+12,20000
1100,10/30/2012 23:23,My Sweet Kaicho 14,9.78602E+12,20000
1101,10/30/2012 23:40,My Adorable Sensei,9.78602E+12,20000
1102,10/30/2012 0:00,Psychic Detective Yakumo : Alternate Story 04,9.48602E+12,20000
1103,10/30/2012 0:07,Becoming A Star 02,9.78602E+12,20000
1104,10/30/2012 0:11,Gamaran 08,9.78602E+12,20000
1105,10/30/2012 0:16,Moon Fighters 05,9.78602E+12,20000
1107,11/4/2012 12:55,Rainbow Prismatic Girl Vol. 1,9.78602E+12,20000
1108,11/4/2012 13:13,Pure Heart Lovers 2,9.78602E+12,20000
1109,11/4/2012 22:15,My Lovely Class Leader 12,9.78602E+12,20000
1110,11/4/2012 22:57,Love Lies 04,9.78602E+12,20000
1111,11/4/2012 23:03,"Loves Me, Loves Me Not, Loves Me 02",9.78602E+12,20000
1112,11/4/2012 23:20,My Man 02,9.78602E+12,20000
1124,11/10/2012 22:08,Runway Model 2,9.78602E+12,20000
1122,11/10/2012 20:55,Namida Usagi - Tears of First Love - 09,9.78602E+12,20000
1123,11/10/2012 21:36,Love Button 07,9.78602E+12,20000
1125,11/10/2012 22:17,Electric Daisy 11,9.78602E+12,20000
1126,11/10/2012 22:24,Love Classic,9.78602E+12,20000
1129,11/18/2012 23:07,Love All 03,9.78602E+12,20000
1130,11/18/2012 23:21,I Give My First Love to You 05,9.78602E+12,20000
1131,11/18/2012 23:32,Seiyuu-Ka! Lovely Voice 06,9.78602E+12,20000
1132,11/18/2012 23:45,Meet the Banchou 12,9.78602E+12,20000
1140,11/19/2012 13:23,Merdeka di Sunda Kelapa,9.78602E+12,20000
1141,11/26/2012 5:57,Asari-Chan 05,9.78602E+12,20000
1142,11/25/2012 6:03,Love Lies 05,9.78602E+12,20000
1143,11/25/2012 6:06,Gamaran 09,9.78602E+12,20000
1144,11/25/2012 6:09,Next to You 9,9.78602E+12,20000
1145,11/25/2012 6:12,D.N. Angel 12,Yukiru Sugisaki,20000
1146,11/25/2012 6:15,Love in CafÃ© Cappuccino 04,9.78602E+12,20000
1147,11/25/2012 6:17,Love so Life 09,9.78602E+12,20000
1148,11/25/2012 6:21,Chibi Fairy 03,9.78602E+12,20000
1149,11/25/2012 6:24,Song For My Sweet Home 04,9.78602E+12,20000
1153,2/23/2012 10:06,Mail Girlfriend 3,9.78602E+12,20000
1155,12/2/2012 23:35,Pure Heart Lovers 03,9.78602E+12,20000
1156,12/2/2012 23:38,Becoming A Star 03,9.78602E+12,20000
1157,12/2/2012 23:41,Scarlet Fan - The Tale of Eternal Love -  03,9.78602E+12,20000
1159,2/5/2012 9:03,Moon Fighters 3,9.78602E+12,20000
1163,12/8/2012 21:32,I Give My First Love to You 06,9.78602E+12,20000
1164,12/8/2012 21:36,D.N. Angel 13,9.78602E+12,20000
1168,2/15/2012 16:42,Electric Daisy 10,9.78602E+12,20000
1169,2/26/2012 19:27,Images of You 4,9.78602E+12,20000
1170,2/29/2012 19:30,Canvas ~ Rainbow Sketch 1,9.78602E+12,20000
1173,12/19/2012 21:56,Love Lies 06,9.78602E+12,20000
1174,12/19/2012 22:31,Asari-Chan 06,9.78602E+12,20000
1175,12/19/2012 22:42,Seiho Boys&#039; High School 01,9.78602E+12,20000
1176,12/19/2012 22:58,Seiyuu-Ka! Lovely Voice 07,9.78602E+12,20000
1177,12/19/2012 23:02,Gamaran 10,9.78602E+12,20000
1178,12/19/2012 23:25,Chibi Fairy 04,9.78602E+12,20000
1179,12/19/2012 23:32,Namida Usagi - Tears of First Love - 10,9.78602E+12,20000
1182,12/16/2012 21:56,Fall in Love with You 2,9.78602E+12,20000
1184,3/6/2012 8:14,Erementar Gerad 4,9.78602E+12,20000
1185,3/6/2012 9:32,My Kingdom 5,9.78602E+12,20000
1188,12/22/2012 13:02,My Kingdom 06,9.78602E+12,20000
1190,12/22/2012 13:15,"Loves Me, Loves Me Not, Loves Me 03",9.78602E+12,20000
1191,12/22/2012 13:19,Love in CafÃ© Cappuccino 05,9.78602E+12,20000
1193,3/6/2012 14:47,Gamaran 4,9.78602E+12,20000
1196,3/6/2012 14:59,Goong [Palace Story] 24,9.78602E+12,20000
1198,3/14/2012 15:08,Born To Cook 11,9.78602E+12,20000
1199,3/14/2012 15:22,Namida Usagi-Tears of First Love- 6,9.78602E+12,20000
1200,3/14/2012 15:24,VAMPIRE KISSES - BLOOD RELATIVES 1,9.78602E+12,20000
1204,3/21/2012 18:08,My Lovely Class Leader 9,9.78602E+12,20000
1205,3/21/2012 9:38,First Love Lesson 2,9.78602E+12,20000
1206,3/21/2012 10:43,Shanaou Yoshitsune Genpei War 17,9.78602E+12,20000
1208,3/28/2012 10:52,Canvas ~ Rainbow Sketch 2,9.78602E+12,20000
1209,3/28/2012 11:46,Mail Girlfriend 4,9.78602E+12,20000
1210,3/28/2012 12:09,My Handsome Butler,9.78602E+12,20000
1211,3/28/2012 12:16,1/2 Love,9.78602E+12,20000
1215,4/4/2012 0:17,He doesn&#039;t belong to me,9.78602E+12,20000
1216,4/4/2012 0:26,Sweet Dogâ€™s Stories,9.78602E+12,20000
1219,4/4/2012 0:50,Goong [Palace Story] 25,9.78602E+12,20000
1222,4/11/2012 9:25,Let&#039;s Share Our Secret,9.78602E+12,20000
1229,4/18/2012 10:53,My Lovely Class Leader 10,9.78602E+12,20000
1230,4/18/2012 10:58,Mail Girlfriend 5 (tamat),9.78602E+12,20000
1231,12/29/2012 11:06,My Mysterious Neighbor/eks CHERRY,9.78602E+12,20000
1232,4/18/2012 11:13,The Flower and the beast 1,9.78602E+12,20000
1233,4/18/2012 11:17,Therefore Please Choose Me 1,9.78602E+12,20000
1234,4/18/2012 11:44,Therefore Please Choose Me 2,9.78602E+12,20000
1247,5/2/2012 13:57,Falling for Tsubaki-Chan,9.78602E+12,20000
1238,4/25/2012 13:16,First Love Lesson 03,9.78602E+12,20000
1239,4/25/2012 13:39,Namida Usagi-Tears of First Love- 07,9.78602E+12,20000
1240,4/25/2012 13:52,Love Button 06,9.78602E+12,20000
1241,4/25/2012 15:31,The Flow Of Love,9.78602E+12,20000
1242,4/25/2012 15:35,My Beloved Tailor,9.78602E+12,20000
1243,4/25/2012 15:41,VAMPIRE KISSES - BLOOD RELATIVES 02,9.78602E+12,20000
1248,5/2/2012 16:26,My Naughty Butler,9.78602E+12,20000
1250,5/2/2012 13:41,Gamaran 5,9.78979E+12,20000
1251,1/1/2013 14:02,Kumpulan Cerita Terbaik Miiko 5,9.78602E+12,20000
1256,1/9/2013 10:26,Chocolate Magic : Creamy Sugar,9.78602E+12,20000
1257,5/9/2012 10:51,Never Say No Vol. 01,9.78602E+12,20000
1253,2/2/2012 14:18,Born To Cook 12,9.78602E+12,20000
1258,5/9/2012 11:05,Never Say No Vol. 02 (Tmt),9.78602E+12,20000
1259,5/9/2012 11:09,My Beloved Bodyguard,9.78602E+12,20000
1260,5/9/2012 11:24,Canvas ~ Rainbow Sketch 03,9.78602E+12,20000
1263,5/16/2012 12:30,Catching Your Love,9.78602E+12,20000
1264,1/2/2013 12:39,My Handsome Pet,9.78602E+12,20000
1269,5/23/2012 22:20,Suddenly in Love,9.78602E+12,20000
1270,5/23/2012 22:40,Namida Usagi - Tears of First Love - 08,9.78602E+12,20000
1271,5/23/2012 23:11,First Love Lesson 04,9.78602E+12,20000
1272,5/23/2012 23:23,The Flower and the beast 02,9.78602E+12,20000
1273,5/23/2012 23:36,Kirarin Revolution Special Edition 01,9.78602E+12,20000
1278,5/30/2012 9:51,Flower of Queen 04,9.78602E+12,20000
1282,6/6/2012 21:07,CHOCOLATE MAGIC ~ Dark Spice ~,9.78602E+12,20000
1283,6/6/2012 21:26,JUSTICE â€“ The Story of Wyatt Earp,9.78602E+12,20000
1284,6/6/2012 22:15,Aoizaka Baseball Club 22,9.78602E+12,20000
1285,6/6/2012 22:50,Next to You 6,9.78602E+12,20000
1286,1/3/2013 23:08,Panzer Princess Punie-Super Great Magical Gap,9.78602E+12,20000
1290,6/6/2012 2:24,VAMPIRE KISSES - BLOOD RELATIVES 03,9.78602E+12,20000
1291,6/13/2012 10:59,My Lovely Class Leader 11,My Lovely Class Lead,20000
1292,6/13/2013 11:08,Runway Sweetheart 01,9.78602E+12,20000
1293,6/13/2012 11:14,Gamaran 6,9.78602E+12,20000
1294,6/13/2012 13:20,Pandora Restaurant,9.78602E+12,20000
1295,6/13/2012 18:20,X- DAY 01,9.78602E+12,20000
1296,6/13/2012 18:24,Erementar Gerad 5,9.78602E+12,20000
1298,6/13/2012 18:37,Nan Nan&#039;s Daily Life,9.78602E+12,20000
1301,6/20/2012 18:56,Kirarin Revolution Special Edition 02,9.78602E+12,20000
1302,6/20/2012 19:15,Born To Cook 13 (tamat),9.78602E+12,20000
1303,6/20/2012 19:19,Asari-Chan 01,9.78602E+12,20000
1311,6/27/2012 21:59,First Love Promise,9.78602E+12,20000
1312,6/27/2012 22:04,Captured by Love,9.78602E+12,20000
1315,6/27/2012 22:17,Seven Colors Prelude,9.78602E+12,20000
1316,6/27/2012 22:22,"There, We Found Love",9.78602E+12,20000
1323,1/9/2013 14:07,Chasing Love,9.78602E+12,20000
1324,1/9/2013 14:33,Shall We Have a Secret ?,9.78602E+12,20000
1325,1/9/2013 14:46,My Loving Doctor,9.78602E+12,20000
1326,1/9/2013 14:48,"Honey Vanilla Latte, Please!",9.78602E+12,20000
1327,1/9/2013 14:55,Love Train,9.78602E+12,20000
1328,1/9/2013 15:00,Steal My Heart at Night,9.78602E+12,20000
1329,1/9/2013 4:04,Happy With You,9.78602E+12,20000
1330,1/16/2013 19:48,Give Me Your Love 1,9.78602E+12,20000
1331,1/16/2013 21:02,Romance from the Thumb 1,9.78602E+12,20000
1332,1/14/2013 13:46,Seiho Boys&#039; High School 02,9.78602E+12,20000
1333,1/16/2013 14:09,Electric Daisy 12,9.78602E+12,20000
1334,1/16/2013 14:12,D.N. Angel 14,9.78602E+12,20000
1337,1/16/2013 15:01,Goong [Palace Story] 28,9.78602E+12,20000
1338,1/23/2013 22:39,I Love the Yakuza Girl!,9.78602E+12,20000
1339,1/23/2013 22:46,Romance for My Lady 1,9.78602E+12,20000
1340,1/23/2013 22:51,Romance for My Lady 2,9.78602E+12,20000
1341,1/23/2013 23:43,Love in CafÃ© Cappuccino 06,9.78602E+12,20000
1349,1/30/2013 22:37,My Sweet Kaicho 15,9.78602E+12,20000
1350,1/30/2013 9:00,Chibi Fairy 05,9.78602E+12,20000
1351,1/30/2013 9:37,Arashi & Doctor,9.78979E+12,20000
1353,1/30/2013 10:17,Satalex Urban Detective,9.78602E+12,20000
1363,2/13/2013 0:18,Give Me Your Love 02,9.78602E+12,20000
1364,2/13/2013 0:23,Seiho Boys&#039; High School 03,9.78602E+12,20000
1357,2/6/2013 1:50,Together Forever,9.78602E+12,20000
1358,2/6/2013 2:17,My Kingdom 07,9.78602E+12,20000
1360,2/6/2013 2:22,Romance from the Thumb 2,9.78602E+12,20000
1361,2/6/2013 8:02,Seiyuu-Ka! Lovely Voice 09,9.78602E+12,20000
1365,2/13/2013 0:26,Scarlet Fan - The Tale of Eternal Love -  05,9.78602E+12,20000
1366,2/13/2013 0:29,The Flower and the beast 04,9.78602E+12,20000
1370,2/20/2013 22:06,"HAI, MIIKO!  25",9.78602E+12,20000
1372,2/20/2013 22:27,Please Come to My House for Tea vol. 1,9.78602E+12,20000
1373,2/20/2013 22:49,Aoizaka Baseball Club 23,9.78602E+12,20000
1377,2/27/2013 7:25,Devil&#039;s Puzzle,9.78602E+12,20000
1378,2/27/2013 8:54,Love in CafÃ© Cappuccino 07,9.78602E+12,20000
1381,3/6/2013 23:53,Rose and Bullet-Bloody Love,9.78602E+12,20000
1382,3/6/2013 0:02,Sensei I Once Loved,9.78602E+12,20000
1383,3/6/2013 23:37,My Annoying Sensei,9.78602E+12,20000
1384,3/6/2013 0:14,Blue Ribbon,9.78602E+12,20000
1385,3/6/2013 0:18,Dearest Love,34506137023,20000
1386,3/6/2013 0:20,My Aquamarine,9.78602E+12,20000
1387,3/6/2013 14:56,Nan Nan&#039;s Daily Life 02,9.78602E+12,20000
1391,3/13/2013 1:16,Shanaou Yoshitsune - Genpei War 20,9.78602E+12,20000
1392,3/13/2013 1:18,Second Button is Love,9.78602E+12,20000
1393,3/13/2013 1:22,My Brother is a Heartthrob,9.78602E+12,20000
1394,3/13/2013 7:22,Rockin Heaven 01,9.78602E+12,20000
1395,3/13/2013 7:25,Romance from the Thumb 03,9.78602E+12,20000
1396,3/13/2013 7:30,Seiho Boys&#039; High School 04,9.78602E+12,20000
1397,3/13/2013 7:35,Next to You 10,9.78602E+12,20000
1400,3/20/2013 23:12,My Egoist Angel 01,9.78602E+12,20000
1401,3/20/2013 23:16,D.N. Angel 15,9.78602E+12,20000
1411,3/27/2013 0:38,Chocolate Magic â€“ Fruity Flavor,9.78979E+12,20000
1412,3/27/2013 13:49,The Flower and the beast 5,9.78602E+12,20000
1416,4/3/2013 16:56,Summer Love,9.78602E+12,20000
1417,4/3/2013 17:09,Unfinished Love,9.78979E+12,20000
1418,4/3/2013 17:20,The Place Where You Come Home,9.78602E+12,20000
1419,4/3/2013 17:41,Key of Love 01  #Ongoing,9.78602E+12,20000
1420,4/3/2013 10:06,Rainbow Color Love Inn,9.78602E+12,20000
1421,4/3/2013 10:40,Charming Rock Boy 01       #Ongoing,9.78602E+12,20000
1426,4/10/2013 21:33,Colorful Twinkle Love 01  #Ongoing,9.78602E+12,20000
1427,4/10/2013 21:40,Kobato â€“ The Miracle Girl,9.78602E+12,20000
1425,4/3/2013 21:37,seratoes +ploes+ aspirasi,9.78602E+12,20000
1428,4/10/2013 21:47,Rockin Heaven 02   #Ongoing,9.78602E+12,20000
1429,4/10/2013 22:16,Naughty Heiress 01  #Ongoing,9.78602E+12,20000
1431,4/10/2013 22:30,Romance from the Thumb 04   #Ongoing,9.78602E+12,20000
1436,4/17/2013 23:21,Anti Boys  #Tamat,9.78602E+12,20000
1437,4/17/2013 0:40,Give Me Your Love 03  #Ongoing,9.78602E+12,20000
1439,4/17/2013 1:13,Yomogi Loves Money 01  #Ongoing,9.78602E+12,20000
1440,4/17/2013 1:19,I Give My First Love to You 07  #Ongoing,9.78602E+12,20000
1449,4/24/2013 20:56,Bad Boyâ€™s Lover,9.78602E+12,20000
1450,4/24/2013 21:20,Misunderstanding Princess and the Liar Servant,9.78602E+12,20000
1451,4/24/2013 22:20,Becoming A Star 04   #Ongoing,9.78602E+12,20000
1453,4/24/2013 22:31,The Flower and the beast 06  #Ongoing,9.78602E+12,20000
1457,5/1/2013 14:47,Key of Love 02 #TAMAT,9.78602E+12,20000
1458,5/1/2013 14:53,Chocolate Cosmos 1  ongoing,9.78602E+12,20000
1459,5/1/2013 15:07,Chocolate Cosmos 2   ongoing,9.78602E+12,20000
1460,5/1/2013 15:27,Charming Rock Boy 02 #ongoing,9.78602E+12,20000
1461,5/1/2013 15:39,Gamaran 11   #ongoing,9.78602E+12,20000
1466,5/8/2013 4:56,Colorful Twinkle Love 2  #ongoing,9.78602E+12,20000
1467,5/8/2013 5:08,Kobato â€“ The Miracle Girl 2   #ongoing,9.78602E+12,20000
1465,5/1/2013 16:35,The Butterfly Ink 02 #TAMAT,9.78602E+12,20000
1469,5/8/2013 8:51,I Give My First Love to You 8 #ongoing,9.78602E+12,20000
1470,5/6/2013 18:28,NG Life 8  #Ongoing,9.78602E+12,20000
1471,5/6/2013 18:37,Romance from the Thumb 5 #Ongoing,9.78602E+12,20000
1473,5/15/2013 13:07,Shanaou Yoshitsune - Genpei War 21 #Ongoing,9.78602E+12,20000
1476,5/15/2013 14:22,Asari-Chan 07  #ongoing,9.78602E+12,20000
1477,5/15/2013 14:32,The Baby and You 01  #Ongoing,9.78602E+12,20000
1478,5/15/2013 16:01,Rockin Heaven 03,9.78602E+12,20000
1479,5/15/2013 16:13,Yomogi Loves Money 02  #ongoing,9.78602E+12,20000
1480,5/15/2013 16:22,School Babysitters  03   #Ongoing,9.78602E+12,20000
1485,5/22/2013 22:11,Hai Miiko Cilik Reguler  #ongoing,9.78602E+12,20000
1486,5/22/2013 22:29,Happy Wedding  #Ongoing,9.78602E+12,20000
1487,5/22/2013 22:35,Ultimate Love 1 #Ongoing,9.78602E+12,20000
1488,5/22/2013 22:44,The Flower and the beast 7  Ongoing,9.78602E+12,20000
1489,5/22/2013 22:48,"Yona, The Girl Standing in the Blush of Dawn 5  Ongoing",9.78602E+12,20000
1493,5/29/2013 1:48,My Handsome Brothers #Ongoing,9.78602E+12,20000
1494,5/29/2013 1:52,I Love Cute Boy #Ongoing,9.78602E+12,20000
1495,5/29/2013 2:00,Shy Love   #Ongoing,9.78602E+12,20000
1496,5/29/2013 2:03,A Tricky Love  #Ongoing,9.78602E+12,20000
1497,5/29/2013 2:06,Love Lies 07 #Ongoing,9.78602E+12,20000
1498,6/5/2013 10:58,Goodbye Sensei   #Ongoing,9.78602E+12,20000
1499,6/5/2013 12:17,A Love Which Changes My Heart  #Ongoing,9.78602E+12,20000
1500,6/5/2013 18:13,Our One - Sided Love  #Ongoing,9.78602E+12,20000
1501,6/5/2013 18:21,My Egoist Angel 02  #TAMAT,9.78602E+12,20000
1502,6/5/2013 18:29,Chocolate Cosmos 3  #Ongoing,9.78602E+12,20000
1503,6/5/2013 18:37,Chocolate Cosmos 4 #Ongoing,9.78602E+12,20000
1504,6/5/2013 19:04,NG Life 9 #Tamat,9.78602E+12,20000
1505,6/5/2013 19:12,Charming Rock Boy 03,9.78602E+12,20000
1506,6/5/2013 19:19,Factory Girl And Glasses Man  #Ongoing,9.78602E+12,20000
1507,6/5/2013 19:27,Romance from the Thumb 06 #Ongoing,9.78602E+12,20000
1510,6/12/2013 13:05,Colorful Twinkle Love 03  #Ongoing,9.78602E+12,20000
1511,6/12/2013 13:19,Naughty Heiress 03  #Tamat,9.78602E+12,20000
1512,6/12/2013 19:56,I Give My First Love to You 09  #Ongoing,9.78602E+12,20000
1513,6/12/2013 20:10,Kobato â€“ The Miracle Girl - 03  #Ongoing,9.78602E+12,20000
1514,6/12/2013 20:17,Rasetsuâ€™s Flowers 8  #tamat,9.78602E+12,20000
1515,6/12/2013 21:11,Melody&#039;s Love  #Ongoing,9.78602E+12,20000
1516,6/12/2013 21:15,See Through You,9.78602E+12,20000
1517,6/12/2013 21:20,Sweet and Sour Love,9.78602E+12,20000
1518,6/12/2013 21:25,My British Prince,9.78602E+12,20000
1519,6/12/2013 21:28,Walking With You,9.78602E+12,20000
1520,6/12/2013 21:32,Our Secret Love 1  #Ongoing,9.78602E+12,20000
1524,6/19/2013 9:34,Triangle Romance 1  #Ongoing,9.78602E+12,20000
1525,6/19/2013 9:37,Cute Queen,9.78602E+12,20000
1527,6/19/2013 9:46,Moonâ€™s Fever,9.78602E+12,20000
1528,6/19/2013 9:50,Lots of Love,9.78602E+12,20000
1529,6/19/2013 9:57,Kiss Me My Sweet Honey,9.78602E+12,20000
1530,6/19/2013 10:00,My Handsome Mangaka 1 #Ongoing,9.78602E+12,20000
1531,6/19/2013 10:03,Asari-Chan 8,9.78602E+12,20000
1532,6/19/2013 10:13,Fallen Snow for You,9.78602E+12,20000
1533,6/19/2013 10:34,Rockin Heaven 4  #Ongoing,9.78602E+12,20000
1534,6/19/2013 10:37,Yomogi Loves Money 3  #Ongoing,9.78602E+12,20000
1535,6/19/2013 10:41,My Pearl Girl 3 #Ongoing,9.78602E+12,20000
1539,6/27/2013 23:11,Letâ€™s Paint Our Happy End,9.78602E+12,20000
1540,6/26/2013 23:17,Love Knife,9.78602E+12,20000
1541,6/26/2013 23:19,Becoming A Star 5  #Ongoing,9.78602E+12,20000
1542,6/26/2013 22:59,Ijime - Cold Class,9.78602E+12,20000
1543,6/26/2013 23:08,The Baby and You 2  #TAMAT,9.78602E+12,20000
1544,6/26/2013 23:40,Samurai Puding,9.78602E+12,20000
1546,6/26/2013 0:08,Ultimate Love 2  #TAMAT,9.78602E+12,20000
1547,6/26/2013 0:17,"Yona, The Girl Standing in the Blush of Dawn 6  #Ongoing",9.78602E+12,20000
1548,6/16/2013 0:22,The Ghost Conqueror 6  #Ongoing,9.78602E+12,20000
1549,7/3/2013 13:47,Sweet Candy Medicine,9.78602E+12,20000
1550,7/3/2013 14:03,Finding My Home,9.78602E+12,20000
1551,7/3/2013 14:18,Honey and The Butterfly,9.78602E+12,20000
1552,7/3/2013 14:28,W Juliet II No. 3  #Ongoing,9.78602E+12,20000
1553,7/3/2013 14:42,Lilâ€™ Sis,9.78602E+12,20000
1554,7/3/2013 15:17,Gamaran 12 #Ongoing,9.78602E+12,20000
1555,7/3/2013 15:36,School Babysitters 04  #Ongoing,9.78602E+12,20000
1556,7/3/2013 15:41,Romance from the Thumb 07  #Ongoing,9.78602E+12,20000
1560,7/22/2013 10:30,Goodbye Chocolate,9.78602E+12,20000
1561,7/22/2013 10:32,Field Trip Romance,9.78602E+12,20000
1562,7/22/2013 10:33,Colorful Twinkle Love 04 #TAMAT,9.78602E+12,20000
1563,7/22/2013 10:35,Beautiful Cosplayer,9.78602E+12,20000
1564,7/22/2013 10:37,Kobato  â€“ The Miracle Girl - 04,9.78602E+12,20000
1565,7/22/2013 10:39,Give Me Your Love 04 #TAMAT,9.78602E+12,20000
1566,7/22/2013 10:41,Rasetsu&#039;s Flowers 09 #TAMAT,9.78602E+12,20000
1567,7/22/2013 10:43,Love Lies 08,9.78602E+12,20000
1569,7/22/2013 10:49,Triangle Romance 02 #TAMAT,9.78602E+12,20000
1570,7/22/2013 10:50,My Handsome Mangaka 02,9.78602E+12,20000
1572,7/22/2013 10:54,Asari-Chan 09,9.78602E+12,20000
1573,7/22/2013 10:55,I Give My First Love to You 10,9.78602E+12,20000
1574,7/22/2013 10:56,Film Girl 02,9.78602E+12,20000
1581,7/24/2013 0:00,Caramel Kiss 1,9.78602E+12,20000
1582,7/24/2013 0:00,Nina&#039;s First Love Story 1,9.78602E+12,20000
1583,7/24/2013 0:00,Chocolate Magic- Evil Essence,9.78602E+12,20000
1584,7/24/2013 0:00,Yomogi Loves Money 4 #TAMAT,9.78602E+12,20000
1586,7/24/2013 0:00,"Yona, The Girl Standing in the Blush of Dawn 7",9.78602E+12,20000
1587,7/24/2013 0:00,Love Lies 9,9.78602E+12,20000
1591,7/31/2013 0:00,Sweet 16,9.78602E+12,20000
1592,7/31/2013 0:00,My Dearest Master,9.78602E+12,20000
1593,7/31/2013 0:00,Rockin Heaven 05,9.78602E+12,20000
1597,8/22/2013 0:00,Finding My Prince,9.78602E+12,20000
1598,8/22/2013 0:00,Teen&#039;s Blues,9.78602E+12,20000
1600,8/22/2013 0:00,Minimum Queen,9.78602E+12,20000
1601,8/22/2013 0:00,Kiddie Punch,9.78602E+12,20000
1604,8/22/2013 0:00,Asari-Chan 10,9.78602E+12,20000
1605,8/22/2013 0:00,Kobato~ The Miracle Girl 5,9.78602E+12,20000
1606,8/22/2013 0:00,"Yona, The Girl Standing in the Blush of Dawn 8",9.78602E+12,20000
1607,8/22/2013 0:00,I Give My First Love to You 11,9.78602E+12,20000
1608,8/22/2013 0:00,Romance from the Thumb 08,9.78602E+12,20000
1609,8/22/2013 0:00,School Babysitters 05,9.78602E+12,20000
1637,9/4/2013 0:00,Love After Loose Leaf,9.78602E+12,20000
1615,8/28/2013 0:00,Chocolate Magic Guilty Crunch,9.78602E+12,20000
1616,8/28/2013 0:00,The Moment After We Kissed,9.78602E+12,20000
1617,8/28/2013 0:00,My Lovely Rich Boy,9.78602E+12,20000
1618,8/28/2013 0:00,Crayon Days 1,9.78602E+12,20000
1619,8/28/2013 0:00,Nina&#039;s First Love Story 2,9.78602E+12,20000
1620,8/28/2013 0:00,Caramel Kiss 2,9.78602E+12,20000
1621,8/28/2013 0:00,Make Sweet,9.78602E+12,20000
1622,8/28/2013 0:00,For Justice & Love,9.78602E+12,20000
1623,8/28/2013 0:00,Royal straight,9.78602E+12,20000
1624,8/28/2013 0:00,A Magical Cat Store,9.78602E+12,20000
1625,8/28/2013 0:00,Gamaran 13,9.78602E+12,20000
1626,8/28/2013 0:00,Rockin Heaven 6,9.78602E+12,20000
1627,8/28/2013 0:00,600 pages Mystery,9.78602E+12,20000
1628,8/28/2013 0:00,The Mysterious Book of Sorcery,9.78602E+12,20000
1629,8/28/2013 0:00,Android Odette 1,9.78602E+12,20000
1630,8/28/2013 0:00,Love so Life 10,9.78602E+12,20000
1634,8/28/2013 0:00,The Cursed,9.78602E+12,20000
1636,8/28/2013 0:00,Panji,9.78602E+12,20000
1638,9/4/2013 0:00,Its Because I Love You 1,9.78602E+12,20000
1639,9/4/2013 0:00,Princess Gal Paradise 5,9.78602E+12,20000
1640,9/4/2013 0:00,I Give My First Love To You #TAMAT,9.78602E+12,20000
1641,9/4/2013 0:00,Romance From The Thumb 9 #TAMAT,9.78602E+12,20000
1642,9/4/2013 0:00,School Babysitter 6,9.78602E+12,20000
1647,9/11/2013 0:00,Shanaou Yoshitsune - Genpei War 22,9.78602E+12,20000
1649,9/11/2013 0:00,Asari-Chan 11,9.78602E+12,20000
1650,9/11/2013 0:00,Dream Love,9.78602E+12,20000
1651,9/11/2013 0:00,Sadistic Prince,9.78602E+12,20000
1652,9/11/2013 0:00,Boy&#039;s Room,9.78602E+12,20000
1653,9/11/2013 0:00,Scarlet Fan - The Tale of Eternal Love -  06,9.78602E+12,20000
1654,9/11/2013 0:00,The Flower and the beast 08,9.78602E+12,20000
1657,9/18/2013 0:00,Love Button 09,9.78602E+12,20000
1659,9/18/2013 0:00,Happiness in My Bakery,9.78602E+12,20000
1660,9/18/2013 0:00,The Sinner and the Melody,9.78602E+12,20000
1661,9/18/2013 0:00,Girl&#039;s Heart 01,9.78602E+12,20000
1662,9/18/2013 0:00,I Only Remember How to Love You,9.78602E+12,20000
1663,9/18/2013 0:00,Train of First Love,9.78602E+12,20000
1664,9/18/2013 0:00,Nina&#039;s First Love Story 3,9.78602E+12,20000
1665,9/18/2013 0:00,Kobato  â€“ The Miracle Girl - 06 #TAMAT,9.78602E+12,20000
1666,9/18/2013 0:00,Gamaran 14,9.78602E+12,20000
1670,9/25/2013 0:00,Kaname Ã‰toille,9.78602E+12,20000
1671,9/25/2013 0:00,Anything for You,9.78602E+12,20000
1672,9/25/2013 0:00,Love Station,9.78602E+12,20000
1673,9/25/2013 0:00,First Love Degree,9.78602E+12,20000
1674,9/25/2013 0:00,"The Teacher, The Dog, And Me",9.78602E+12,20000
1675,9/25/2013 0:00,Fragments of Love,9.78602E+12,20000
1676,9/25/2013 0:00,Fall in Love with A Bad Boy,9.78602E+12,20000
1677,9/25/2013 0:00,"Hana-kun, The One I Love 01",9.78602E+12,20000
1678,9/25/2013 0:00,Secret Unrequitted Love,9.78602E+12,20000
1679,9/25/2013 0:00,First Love Honey 1,9.78602E+12,20000
1681,9/25/2013 0:00,Scarlet Fan - The Tale of Eternal Love -  07,9.78602E+12,20000
1682,9/25/2013 0:00,Love so Life 11,9.78602E+12,20000
1697,10/9/2013 0:00,My Sweet Kaicho 16,9.78602E+12,20000
1685,10/2/2013 0:00,Shanaou Yoshitsune - Genpei War 23,978602266267 9,20000
1686,10/2/2013 0:00,I Got the Girl,9.78602E+12,20000
1687,10/2/2013 0:00,Love Collection,9.78602E+12,20000
1688,10/2/2013 0:00,Aishiteiru â€“ I Love You -,9.78602E+12,20000
1689,10/2/2013 0:00,Caramel Kiss 3,9.78602E+12,20000
1690,10/2/2013 0:00,Rockin Heaven 7,9.78602E+12,20000
1691,10/2/2013 0:00,IKB 13,9.78602E+12,20000
1692,10/2/2013 0:00,When the Forgotten Snow Falls,9.78602E+12,20000
1693,10/2/2013 0:00,Vallia&#039;s Bridegroom,9.78602E+12,20000
1694,10/2/2013 0:00,Nina&#039;s First Love Story 4 #Tamat,9.78602E+12,20000
1698,10/9/2013 0:00,You are Like a Flower,9.78602E+12,20000
1699,10/9/2013 0:00,Number Girl,9.78602E+12,20000
1700,10/9/2013 0:00,Electric Daisy 13,9.78602E+12,20000
1701,10/9/2013 0:00,Pure Love Station 2,9.78602E+12,20000
1702,10/9/2013 0:00,The Flower and the beast 09,9.78602E+12,20000
1703,10/9/2013 0:00,Miracle Cat,9.78602E+12,20000
1704,10/9/2013 0:00,Gamaran 15,9.78602E+12,20000
1705,10/9/2013 0:00,Android Odette 2,9.78602E+12,20000
1708,10/16/2013 0:00,Crayon Days 2,9.78602E+12,20000
1709,10/16/2013 0:00,Paradise after School,9.78602E+12,20000
1710,10/16/2013 0:00,Labyrinth of Love,9.78602E+12,20000
1711,10/16/2013 0:00,Loco Moco - Can&#039;t Stop Falling In Love With You 01,9.78602E+12,20000
1712,10/16/2013 0:00,Lovely Lunch,9.78602E+12,20000
1715,10/23/2013 0:00,Post-Boyfriend,9.78602E+12,20000
1716,10/23/2013 0:00,My Beloved One,9.78602E+12,20000
1718,10/23/2013 0:00,Secret Admirer,9.78602E+12,20000
1719,10/23/2013 0:00,"Hana-kun, The One I Love 02",9.78602E+12,20000
1720,10/23/2013 0:00,First Love Honey 02,9.78602E+12,20000
1721,10/23/2013 0:00,Girl&#039;s Heart 02 #TAMAT,9.78602E+12,20000
1722,10/23/2013 0:00,First Love Asterism 01,9.78602E+12,20000
1723,10/23/2013 0:00,Letters from Heaven 01,9.78602E+12,20000
1918,2/12/2014 0:00,Love Mentalism,9.78602E+12,20000
1728,10/30/2013 0:00,Girls Club&#039;s Romance,9.78602E+12,20000
1729,10/30/2013 0:00,My First Boyfriend,9.78602E+12,20000
1730,10/30/2013 0:00,Love Strikes Back,9.78602E+12,20000
1731,10/30/2013 0:00,Heaven&#039;s Sonata,9.78602E+12,20000
1732,10/30/2013 0:00,The Bean Sprout Boy and The Seed Girl,9.78602E+12,20000
1733,10/30/2013 0:00,My Dearest Pochi 5,9.78602E+12,20000
1749,11/6/2013 0:00,Chocolate Magic: Honey Blood,9.78602E+12,20000
1750,11/6/2013 0:00,Flowerly Love,9.78602E+12,20000
1751,11/6/2013 0:00,Love Peak,9.78602E+12,20000
1752,11/6/2013 0:00,Love Story with You,9.78602E+12,20000
1753,11/6/2013 0:00,After School With Prince,9.78602E+12,20000
1754,11/6/2013 0:00,Mysterious You 01,9.78602E+12,20000
1755,11/6/2013 0:00,Caramel Kiss 4 #TAMAT,9.78602E+12,20000
1756,11/6/2013 0:00,49 Precious Days,9.78602E+12,20000
1757,11/6/2013 0:00,Chibi Fairy 6,9.78602E+12,20000
1762,11/13/2013 0:00,I Believe in You,9.78602E+12,20000
1794,11/27/2013 0:00,"Hana-kun, The One I Love 03",9.78602E+12,20000
1795,11/27/2013 0:00,Letters from Heaven 02,9.78602E+12,20000
1763,12/4/2013 0:00,My One and Only Samurai,9.78602E+12,20000
1764,11/13/2013 0:00,Our Secret Love 2,9.78602E+12,20000
1765,11/13/2013 0:00,Asari-Chan 12,9.78602E+12,20000
1766,11/13/2013 0:00,Closest Love to Heaven 01,9.78602E+12,20000
1767,11/13/2013 0:00,A Shy Girl In Love,9.78602E+12,20000
1768,11/13/2013 0:00,Please Come to My House for Tea vol. 2,9.78602E+12,20000
1769,11/13/2013 0:00,Poor Princess 04 #TAMAT,9.78602E+12,20000
1820,12/11/2013 0:00,Takeru :  Opera Susanoh Sword of the Devil 4,9.78602E+12,20000
1781,11/20/2013 0:00,Absolute Love Program 1,9.78602E+12,20000
1789,11/20/2013 0:00,Princess Gal Paradise 06,9.78602E+12,20000
1782,11/20/2013 0:00,It&#039;s because I Love You 02 #TAMAT,9.78602E+12,20000
1783,11/20/2013 0:00,The Sound of Ice 01,9.78602E+12,20000
1784,11/20/2013 0:00,A Fake Friend 01,9.78602E+12,20000
1785,11/20/2013 0:00,Loco Moco - Can&#039;t Stop Falling In Love With You 02 #TAMAT,9.78602E+12,20000
1787,11/20/2013 0:00,Table for Two 1,9.78602E+12,20000
1788,11/20/2013 0:00,Love so Life 12,9.78602E+12,20000
1796,11/27/2013 0:00,Seiho Boys&#039; High School 05,9.78602E+12,20000
1797,11/27/2013 0:00,Airu&#039;s Magical School 01,9.78602E+12,20000
1798,11/27/2013 0:00,Project Boyfriend 01,9.78602E+12,20000
1799,11/27/2013 0:00,The Warmth of Your Fingertips,9.78602E+12,20000
1800,11/27/2013 0:00,IJIME - Silent Prison,9.78602E+12,20000
1807,12/4/2013 0:00,"My Braided Girl, Mano",9.78602E+12,20000
1808,12/4/2013 0:00,Neon Genesis Evangelion 13,9.78602E+12,20000
1809,12/4/2013 0:00,My Pearl Girl 4,9.78602E+12,20000
1814,12/11/2013 0:00,Lessons to be a Lady,9.78602E+12,20000
1816,12/11/2013 0:00,Table for Two 2 #TAMAT,9.78602E+12,20000
1819,12/11/2013 0:00,School Babysitters 07,9.78602E+12,20000
1824,12/18/2013 0:00,My Kingdom 08,9.78602E+12,20000
1825,12/18/2013 0:00,A Fake Friend 02,9.78602E+12,20000
1826,12/18/2013 0:00,Godess of Libra 01,9.78602E+12,20000
1827,12/18/2013 0:00,Police and High School Girl 01,9.78602E+12,20000
1828,12/18/2013 0:00,Chibi Fairy 07,9.78602E+12,20000
1829,12/18/2013 0:00,Android Odette 3,9.78602E+12,20000
1839,12/24/2013 0:00,Love Search 01,9.78602E+12,20000
1840,12/24/2013 0:00,Airu&#039;s Magical School 02,9.78602E+12,20000
1841,12/24/2013 0:00,K.O. SEN 01,9.78602E+12,20000
1842,12/24/2013 0:00,Bear Bear 01,9.78602E+12,20000
1843,12/24/2013 0:00,Lost Seven 4 #TAMAT,9.78602E+12,20000
1847,1/1/2014 0:00,More Than Love 01,9.78602E+12,20000
1848,1/1/2014 0:00,Old Man&#039;s Love,9.78602E+12,20000
1849,1/1/2014 0:00,Absolute Love Program 02 #TAMAT,9.78602E+12,20000
1850,1/1/2014 0:00,Hope 1,9.78602E+12,20000
1851,1/1/2014 0:00,"Yona, The Girl Standing in the Blush of Dawn 9",9.78602E+12,20000
1852,1/1/2014 0:00,Princess Gal Paradise 07 #TAMAT,9.78602E+12,20000
1857,1/8/2014 0:00,Lessons to be a Lady 2,9.78602E+12,20000
1858,1/8/2014 0:00,Family Rush 03,9.78602E+12,20000
1859,1/8/2014 0:00,My Little Monster 01,9.78602E+12,20000
1860,1/29/2014 0:00,My Girlfriend is a Bodyguard,9.78602E+12,20000
1861,1/8/2014 0:00,Closest Love to Heaven 03,9.78602E+12,20000
1862,1/8/2014 0:00,Seiho Boys&#039; High School 06,9.78602E+12,20000
1865,1/15/2014 0:00,Handsome Boys Club,9.78602E+12,20000
1866,1/15/2014 0:00,Boy & Cool,9.78602E+12,20000
1867,1/15/2014 0:00,The Godess of Libra 02,9.78602E+12,20000
1868,1/15/2014 0:00,Kurogane-kun&#039;s Love Lesson,9.78602E+12,20000
1869,1/15/2014 0:00,Unrequited Love of Fukuoka,9.78602E+12,20000
1894,2/5/2014 0:00,"Welcome Home, My Bride",9.78602E+12,20000
1895,2/5/2014 0:00,Strawberry Switch,9.78602E+12,20000
1870,1/15/2014 0:00,Let&#039;s Tie the Knot 01,9.78602E+12,20000
1871,1/15/2014 0:00,Sweet Moment by Cherry,9.78602E+12,20000
1873,1/15/2014 0:00,A Fake Friend 03 #TAMAT,9.78602E+12,20000
1878,1/22/2014 0:00,Perfect Boyfriend x Perfect Girlfriend 1,9.78602E+12,20000
1879,1/22/2014 0:00,Piece of Moon and Sun 1,9.78602E+12,20000
1880,1/22/2014 0:00,Airu&#039;s Magical School 3,9.78602E+12,20000
1881,1/22/2014 0:00,Love Search 2,9.78602E+12,20000
1882,1/22/2014 0:00,Hai Miiko 26,9.78602E+12,20000
1883,1/22/2014 0:00,Chibi Fairy 8,9.78602E+12,20000
1886,1/29/2014 0:00,Forest of Love 01,9.78602E+12,20000
1887,1/29/2014 0:00,Love on the Run,9.78602E+12,20000
1888,1/29/2014 0:00,With You,9.78602E+12,20000
1889,1/29/2014 0:00,Becoming A Star 06,9.78602E+12,20000
1890,1/29/2014 0:00,"Yona, The Girl Standing in the Blush of Dawn 10",9.78602E+12,20000
1896,2/5/2014 0:00,Sweet Sweet Romance,9.78602E+12,20000
1897,2/5/2014 0:00,Memory of Your Kiss,9.78602E+12,20000
1898,2/5/2014 0:00,My Secret Darling,9.78602E+12,20000
1899,2/5/2014 0:00,Police and High School Girl 02,9.78602E+12,20000
1901,1/1/2014 0:00,37 C Boyfriend,9.78602E+12,20000
1902,1/1/2014 0:00,A Neverending Song,9.78602E+12,20000
1903,1/1/2014 0:00,Android Love,9.78602E+12,20000
1904,1/1/2014 0:00,Anti Chocolate,9.78602E+12,20000
1905,1/1/2014 0:00,Delicious Study,9.78602E+12,20000
1906,1/1/2014 0:00,Fallen Angel,9.78602E+12,20000
1907,1/1/2014 0:00,Falling Heart,9.78602E+12,20000
1908,1/1/2014 0:00,Falling Love Like A comic,9.78602E+12,20000
1909,1/1/2014 0:00,Family Complex,9.78602E+12,20000
1910,1/1/2014 0:00,Family Game,9.78602E+12,20000
1917,1/15/2014 0:00,Fullmoon Joker,9.78602E+12,20000
1912,1/8/2014 0:00,Gorgeous Doctor,9.78602E+12,20000
1913,1/8/2014 0:00,Half Engaged,9.78602E+12,20000
1914,1/8/2014 0:00,Half Wedding,9.78602E+12,20000
1915,1/8/2014 0:00,Half Honeymoon,9.78602E+12,20000
1916,1/8/2014 0:00,Half Ceremony,9.78602E+12,20000
1919,2/12/2014 0:00,"Love Faraway, So Close 01",9.78602E+12,20000
1920,2/12/2014 0:00,The Godess of Libra 3,9.78602E+12,20000
1921,2/12/2014 0:00,My Little Monster 2,9.78602E+12,20000
1922,2/12/2014 0:00,Seiho Boys&#039; High School 7,9.78602E+12,20000
1923,2/12/2014 0:00,Android Odette 4,9.78602E+12,20000
1927,2/19/2014 0:00,Shanaou Yoshitsune - Genpei War 24,9.78602E+12,20000
1928,2/19/2014 0:00,My Sweet Kaicho 17,9.78602E+12,20000
1930,2/19/2014 0:00,Asari-Chan 13,9.78602E+12,20000
1931,2/19/2014 0:00,Perfect Boyfriend x Perfect Girlfriend 2,9.78602E+12,20000
1932,2/19/2014 0:00,Let&#039;s Tie the Knot 02,9.78602E+12,20000
1933,2/19/2014 0:00,Piece of Moon and Sun 2,9.78602E+12,20000
1935,2/26/2014 0:00,Airu&#039;s Magical School 4 #TAMAT,9.78602E+12,20000
1936,2/26/2014 0:00,Bad Love,9.78602E+12,20000
1937,2/26/2014 0:00,100 Days of Tears,9.78602E+12,20000
1938,2/26/2014 0:00,Fantastical Opera,9.78602E+12,20000
1944,3/5/2014 0:00,My Little Monster 03,9.78602E+12,20000
1945,3/5/2014 0:00,Pure Love Kamikaze Captain! Real!  01,9.78602E+12,20000
1947,3/5/2014 0:00,Perfect Blue Sky,9.78602E+12,20000
1948,3/5/2014 0:00,Lover&#039;s Game,9.78602E+12,20000
1949,3/5/2014 0:00,"Yona, The Girl Standing in the Blush of Dawn 11",9.78602E+12,20000
1954,3/12/2014 0:00,"Love Faraway, So Close 02",9.78602E+12,20000
1956,3/12/2014 0:00,Seiho Boys&#039; High School 08,9.78602E+12,20000
1962,3/19/2014 0:00,Perfect Boyfriend x Perfect Girlfriend 3 #TAMAT,9.78602E+12,20000
1963,3/19/2014 0:00,Let&#039;s Tie the Knot 03 #TAMAT,9.78602E+12,20000
1964,3/19/2014 0:00,Piece of Moon and Sun 3 #TAMAT,9.78602E+12,20000
1965,3/19/2014 0:00,Love Lies 10,9.78602E+12,20000
1966,3/19/2014 0:00,Secretly in Love,9.78602E+12,20000
1970,3/26/2014 0:00,Becoming A Star 07,9.78602E+12,20000
1971,3/26/2014 0:00,"Hana-kun, The One I Love 04",9.78602E+12,20000
1972,3/26/2014 0:00,Magical Kiss,9.78602E+12,20000
1973,3/26/2014 0:00,Android Odette 5,9.78602E+12,20000
1975,3/26/2014 0:00,Gamaran 16,9.78602E+12,20000
1979,4/2/2014 0:00,My Little Monster  4,9.78602E+12,20000
1980,4/2/2014 0:00,Pure Love Kamikaze Captain Real 2,9.78602E+12,20000
1982,4/30/2014 0:00,Head Princess & Headless Knight,9.78602E+12,20000
1983,4/2/2014 0:00,The New Prince of Tennis 1,9.78602E+12,20000
1986,4/9/2014 0:00,"Love Faraway, So Close 03",9.78602E+12,20000
1988,4/9/2014 0:00,All For You,9.78602E+12,20000
1995,4/16/2014 0:00,My Handsome Mangaka 3,9.78602E+12,20000
1996,4/16/2014 0:00,Electric Daisy 14,9.78602E+12,20000
1997,4/16/2014 0:00,My Lovely Class Leader 13,9.78602E+12,20000
2002,4/23/2014 0:00,Android Odette 6,9.78602E+12,20000
2003,4/23/2014 0:00,Gamaran 17,9.78602E+12,20000
2004,4/23/2014 0:00,"Hana-kun, The One I Love 05",9.78602E+12,20000
2009,4/30/2014 0:00,My Little Monster 5,9.78602E+12,20000
2011,4/30/2014 0:00,Becoming A Star 8,9.78602E+12,20000
2012,4/30/2014 0:00,High School Bride,9.78602E+12,20000
2013,4/30/2014 0:00,Closest Love to Heaven 04,9.78602E+12,20000
2017,5/7/2014 0:00,"Sayonara, Hero",9.78602E+12,20000
2018,5/7/2014 0:00,Sour Love Strawberry,9.78602E+12,20000
2019,5/7/2014 0:00,Seven Day Princess,9.78602E+12,20000
2020,5/7/2014 0:00,Compassionate Love,9.78602E+12,20000
2021,5/7/2014 0:00,Bad Boy Darling 1,9.78602E+12,20000
2023,5/7/2014 0:00,School Babysitters 08,9.78602E+12,20000
2025,5/7/2014 0:00,Rainbow Prismatic Girl Vol. 2,9.78602E+12,20000
2026,5/14/2014 0:00,"Love Faraway, So Close 04",9.78602E+12,20000
2028,5/14/2014 0:00,Bad Boy in Love,9.78602E+12,20000
2029,5/14/2014 0:00,May I Say I Love You?,9.78602E+12,20000
2030,5/14/2014 0:00,Love Doesn&#039;t Lie 01,9.78602E+12,20000
2031,5/14/2014 0:00,My Faithful Bodyguard,9.78602E+12,20000
2034,5/21/2014 0:00,My Handsome Mangaka 04,9.78602E+12,20000
2035,5/21/2014 0:00,K.O. SEN 02,9.78602E+12,20000
2036,5/21/2014 0:00,The New Prince of Tennis 2,9.78602E+12,20000
2037,5/21/2014 0:00,Knight&#039;s Love Triangle,9.78602E+12,20000
2038,5/21/2014 0:00,Romantic Antique,9.78602E+12,20000
2039,5/21/2014 0:00,Part of Me,9.78602E+12,20000
2040,5/21/2014 0:00,Top Notch 01,9.78602E+12,20000
2043,5/28/2014 0:00,You are My World 01,9.78602E+12,20000
2044,5/28/2014 0:00,"Hana-kun, The One I Love 06",9.78602E+12,20000
2045,6/18/2014 0:00,Closest Love to Heaven 05,9.78602E+12,20000
2046,5/28/2014 0:00,With 3,9.78602E+12,20000
2051,6/4/2014 0:00,Bad Boy Darling 2,9.78602E+12,20000
2052,6/4/2014 0:00,Love Affair,9.78602E+12,20000
2053,6/4/2014 0:00,My Little Monster 6,9.78602E+12,20000
2054,6/4/2014 0:00,Pure Love Kamikaze Captain Real 4,9.78602E+12,20000
2055,6/4/2014 0:00,Crayon Days 03,9.78602E+12,20000
2056,6/4/2014 0:00,Scarlet Fan - The Tale of Eternal Love -  08,9.78602E+12,20000
2057,6/4/2014 0:00,Rockin Heaven 08 #TAMAT,9.78602E+12,20000
2059,6/11/2014 0:00,"Love Faraway, So Close 05",9.78602E+12,20000
2061,6/11/2014 0:00,Love Doesn&#039;t Lie 02,9.78602E+12,20000
2063,6/11/2014 0:00,Gamaran 18,9.78602E+12,20000
2068,6/18/2014 0:00,Top Notch 02,9.78602E+12,20000
2069,6/18/2014 0:00,Becoming A Star 09,9.78602E+12,20000
2070,6/18/2014 0:00,First Love Honey 03,9.78602E+12,20000
2076,6/25/2014 0:00,Kumpulan Cerita Terbaik Miiko 7,9.78602E+12,20000
2077,6/25/2014 0:00,My Kingdom 09,9.78602E+12,20000
2079,6/25/2014 0:00,Spring Love Diary,9.78602E+12,20000
2080,6/25/2014 0:00,Because I&#039;m a Maid 01,9.78602E+12,20000
2081,6/25/2014 0:00,With 4 #TAMAT,9.78602E+12,20000
2084,7/2/2014 0:00,My Lovely Class Leader 14,9.78602E+12,20000
2086,7/2/2014 0:00,First Love Asterism 02,9.78602E+12,20000
2089,7/9/2014 0:00,My Little Monster 7,9.78602E+12,20000
2090,7/9/2014 0:00,House of The Sun 01,9.78602E+12,20000
2091,7/9/2014 0:00,The New Prince of Tennis 3,9.78602E+12,20000
2092,7/9/2014 0:00,Prince&#039;s Game,9.78602E+12,20000
2093,7/9/2014 0:00,Closest Love to Heaven 06,9.78602E+12,20000
2097,7/9/2014 0:00,A Dream in March,9.78602E+12,20000
2098,7/16/2014 0:00,Bon Appetit,9.78602E+12,20000
2099,7/16/2014 0:00,Beauty Bunny 01,9.78602E+12,20000
2100,7/16/2014 0:00,Strawberry Calbi,9.78602E+12,20000
2101,7/16/2014 0:00,First Love Honey 4,9.78602E+12,20000
2102,7/16/2014 0:00,Top Notch 03,9.78602E+12,20000
2103,7/16/2014 0:00,Love Katsu 1,9.78602E+12,20000
2108,8/13/2014 0:00,House of The Sun 02,9.78602E+12,20000
2109,8/13/2014 0:00,Asari-Chan 14,9.78602E+12,20000
2110,8/13/2014 0:00,Aozora Pop 01,9.78602E+12,20000
2111,8/13/2014 0:00,Love Doesn&#039;t Lie 03 #TAMAT,9.78602E+12,20000
2112,8/13/2014 0:00,A Shy Girl in Love 02,9.78602E+12,20000
2113,8/13/2014 0:00,My Little Monster 8,9.78602E+12,20000
2114,8/13/2014 0:00,Crayon Days 04 #TAMAT,9.78602E+12,20000
2121,8/20/2014 0:00,The Prince of Tennis II 4,9.78602E+12,20000
2122,8/20/2014 0:00,Happy Wedding Dream,9.78602E+12,20000
2123,8/20/2014 0:00,Secret Love Trip 01,9.78602E+12,20000
2124,8/20/2014 0:00,Love Katsu 2,9.78602E+12,20000
2125,8/20/2014 0:00,Top Notch 04,9.78602E+12,20000
2126,8/20/2014 0:00,Gamaran 19,9.78602E+12,20000
2131,8/27/2014 0:00,Chocolate Magic - Ice Shadow,9.78602E+12,20000
2132,8/27/2014 0:00,Heartbeats 01,9.78602E+12,20000
2134,8/27/2014 0:00,Love at First Sight,9.78602E+12,20000
2135,8/27/2014 0:00,"Baby, I Love You More",9.78602E+12,20000
2143,9/3/2014 0:00,Forest of Love 02,9.78602E+12,20000
2144,9/3/2014 0:00,Hotel La Vien Rose,9.78602E+12,20000
2147,9/3/2014 0:00,Idol Master,9.78602E+12,20000
2152,9/10/2014 0:00,A Shy Girl in Love 03,9.78602E+12,20000
2155,9/10/2014 0:00,Ijime - Light and Shadow,9.78602E+12,20000
2162,9/17/2014 0:00,The Designer&#039;s Revenge 1,9.78602E+12,20000
2164,9/17/2014 0:00,The Girl Who Leapt 1-2m,9.78602E+12,20000
2165,9/17/2014 0:00,Why Kaneda Can&#039;t Fall in Love 1,9.78602E+12,20000
2167,9/17/2014 0:00,Asari-chan 15,9.78602E+12,20000
2168,9/17/2014 0:00,Edo Carta -Tales of Love from Edo Era-,9.78602E+12,20000
